<?xml version="1.0" encoding="UTF-8"?>
<GenRun Id="impl_1" LaunchPart="xc7a100tcsg324-1" LaunchTime="1558379868">
  <File Type="BITSTR-BMM" Name="Latch_bd.bmm"/>
  <File Type="OPT-METHODOLOGY-DRC" Name="Latch_methodology_drc_opted.rpt"/>
  <File Type="INIT-TIMING" Name="Latch_timing_summary_init.rpt"/>
  <File Type="ROUTE-PWR" Name="Latch_power_routed.rpt"/>
  <File Type="PA-TCL" Name="Latch.tcl"/>
  <File Type="OPT-TIMING" Name="Latch_timing_summary_opted.rpt"/>
  <File Type="OPT-DCP" Name="Latch_opt.dcp"/>
  <File Type="ROUTE-PWR-SUM" Name="Latch_power_summary_routed.pb"/>
  <File Type="REPORTS-TCL" Name="Latch_reports.tcl"/>
  <File Type="OPT-DRC" Name="Latch_drc_opted.rpt"/>
  <File Type="OPT-HWDEF" Name="Latch.hwdef"/>
  <File Type="PWROPT-DCP" Name="Latch_pwropt.dcp"/>
  <File Type="PWROPT-DRC" Name="Latch_drc_pwropted.rpt"/>
  <File Type="PWROPT-TIMING" Name="Latch_timing_summary_pwropted.rpt"/>
  <File Type="PLACE-DCP" Name="Latch_placed.dcp"/>
  <File Type="PLACE-IO" Name="Latch_io_placed.rpt"/>
  <File Type="PLACE-CLK" Name="Latch_clock_utilization_placed.rpt"/>
  <File Type="PLACE-UTIL" Name="Latch_utilization_placed.rpt"/>
  <File Type="PLACE-UTIL-PB" Name="Latch_utilization_placed.pb"/>
  <File Type="PLACE-CTRL" Name="Latch_control_sets_placed.rpt"/>
  <File Type="PLACE-SIMILARITY" Name="Latch_incremental_reuse_placed.rpt"/>
  <File Type="PLACE-PRE-SIMILARITY" Name="Latch_incremental_reuse_pre_placed.rpt"/>
  <File Type="BG-BGN" Name="Latch.bgn"/>
  <File Type="PLACE-TIMING" Name="Latch_timing_summary_placed.rpt"/>
  <File Type="POSTPLACE-PWROPT-DCP" Name="Latch_postplace_pwropt.dcp"/>
  <File Type="BG-BIN" Name="Latch.bin"/>
  <File Type="POSTPLACE-PWROPT-TIMING" Name="Latch_timing_summary_postplace_pwropted.rpt"/>
  <File Type="PHYSOPT-DCP" Name="Latch_physopt.dcp"/>
  <File Type="PHYSOPT-DRC" Name="Latch_drc_physopted.rpt"/>
  <File Type="BITSTR-MSK" Name="Latch.msk"/>
  <File Type="PHYSOPT-TIMING" Name="Latch_timing_summary_physopted.rpt"/>
  <File Type="ROUTE-ERROR-DCP" Name="Latch_routed_error.dcp"/>
  <File Type="ROUTE-DCP" Name="Latch_routed.dcp"/>
  <File Type="ROUTE-BLACKBOX-DCP" Name="Latch_routed_bb.dcp"/>
  <File Type="ROUTE-DRC" Name="Latch_drc_routed.rpt"/>
  <File Type="ROUTE-DRC-PB" Name="Latch_drc_routed.pb"/>
  <File Type="BITSTR-LTX" Name="debug_nets.ltx"/>
  <File Type="BITSTR-LTX" Name="Latch.ltx"/>
  <File Type="ROUTE-DRC-RPX" Name="Latch_drc_routed.rpx"/>
  <File Type="BITSTR-MMI" Name="Latch.mmi"/>
  <File Type="ROUTE-METHODOLOGY-DRC" Name="Latch_methodology_drc_routed.rpt"/>
  <File Type="ROUTE-METHODOLOGY-DRC-RPX" Name="Latch_methodology_drc_routed.rpx"/>
  <File Type="BITSTR-SYSDEF" Name="Latch.sysdef"/>
  <File Type="ROUTE-METHODOLOGY-DRC-PB" Name="Latch_methodology_drc_routed.pb"/>
  <File Type="ROUTE-PWR-RPX" Name="Latch_power_routed.rpx"/>
  <File Type="ROUTE-STATUS" Name="Latch_route_status.rpt"/>
  <File Type="ROUTE-STATUS-PB" Name="Latch_route_status.pb"/>
  <File Type="ROUTE-TIMINGSUMMARY" Name="Latch_timing_summary_routed.rpt"/>
  <File Type="ROUTE-TIMING-PB" Name="Latch_timing_summary_routed.pb"/>
  <File Type="ROUTE-TIMING-RPX" Name="Latch_timing_summary_routed.rpx"/>
  <File Type="ROUTE-SIMILARITY" Name="Latch_incremental_reuse_routed.rpt"/>
  <File Type="ROUTE-CLK" Name="Latch_clock_utilization_routed.rpt"/>
  <File Type="ROUTE-BUS-SKEW" Name="Latch_bus_skew_routed.rpt"/>
  <File Type="ROUTE-BUS-SKEW-PB" Name="Latch_bus_skew_routed.pb"/>
  <File Type="ROUTE-BUS-SKEW-RPX" Name="Latch_bus_skew_routed.rpx"/>
  <File Type="POSTROUTE-PHYSOPT-DCP" Name="Latch_postroute_physopt.dcp"/>
  <File Type="POSTROUTE-PHYSOPT-BLACKBOX-DCP" Name="Latch_postroute_physopt_bb.dcp"/>
  <File Type="POSTROUTE-PHYSOPT-TIMING" Name="Latch_timing_summary_postroute_physopted.rpt"/>
  <File Type="POSTROUTE-PHYSOPT-TIMING-PB" Name="Latch_timing_summary_postroute_physopted.pb"/>
  <File Type="POSTROUTE-PHYSOPT-TIMING-RPX" Name="Latch_timing_summary_postroute_physopted.rpx"/>
  <File Type="POSTROUTE-PHYSOPT-BUS-SKEW" Name="Latch_bus_skew_postroute_physopted.rpt"/>
  <File Type="POSTROUTE-PHYSOPT-BUS-SKEW-PB" Name="Latch_bus_skew_postroute_physopted.pb"/>
  <File Type="BG-BIT" Name="Latch.bit"/>
  <File Type="POSTROUTE-PHYSOPT-BUS-SKEW-RPX" Name="Latch_bus_skew_postroute_physopted.rpx"/>
  <File Type="BITSTR-RBT" Name="Latch.rbt"/>
  <File Type="BITSTR-NKY" Name="Latch.nky"/>
  <File Type="BG-DRC" Name="Latch.drc"/>
  <File Type="RDI-RDI" Name="Latch.vdi"/>
  <File Type="WBT-USG" Name="usage_statistics_webtalk.html"/>
  <FileSet Name="sources" Type="DesignSrcs" RelSrcDir="$PSRCDIR/sources_1">
    <Filter Type="Srcs"/>
    <File Path="$PSRCDIR/sources_1/new/Latch.v">
      <FileInfo>
        <Attr Name="UsedIn" Val="synthesis"/>
        <Attr Name="UsedIn" Val="implementation"/>
        <Attr Name="UsedIn" Val="simulation"/>
      </FileInfo>
    </File>
    <Config>
      <Option Name="DesignMode" Val="RTL"/>
      <Option Name="TopModule" Val="Latch"/>
      <Option Name="TopAutoSet" Val="TRUE"/>
    </Config>
  </FileSet>
  <FileSet Name="constrs_in" Type="Constrs" RelSrcDir="$PSRCDIR/constrs_1">
    <Filter Type="Constrs"/>
    <File Path="$PPRDIR/Nexys4DDR_Master.xdc">
      <FileInfo>
        <Attr Name="UsedIn" Val="synthesis"/>
        <Attr Name="UsedIn" Val="implementation"/>
      </FileInfo>
    </File>
    <Config>
      <Option Name="ConstrsType" Val="XDC"/>
    </Config>
  </FileSet>
  <FileSet Name="utils" Type="Utils" RelSrcDir="$PSRCDIR/utils_1">
    <Filter Type="Utils"/>
    <Config>
      <Option Name="TopAutoSet" Val="TRUE"/>
    </Config>
  </FileSet>
  <Strategy Version="1" Minor="2">
    <StratHandle Name="Vivado Implementation Defaults" Flow="Vivado Implementation 2018">
      <Desc>Default settings for Implementation.</Desc>
    </StratHandle>
    <Step Id="init_design"/>
    <Step Id="opt_design"/>
    <Step Id="power_opt_design"/>
    <Step Id="place_design"/>
    <Step Id="post_place_power_opt_design"/>
    <Step Id="phys_opt_design"/>
    <Step Id="route_design"/>
    <Step Id="post_route_phys_opt_design"/>
    <Step Id="write_bitstream"/>
  </Strategy>
</GenRun>
