<?xml version="1.0" encoding="UTF-8"?>
<GenRun Id="impl_1" LaunchPart="xc7a100tcsg324-1" LaunchTime="1540408720">
  <File Type="ROUTE-PWR" Name="clocked4x7SegDisplay_power_routed.rpt"/>
  <File Type="PA-TCL" Name="clocked4x7SegDisplay.tcl"/>
  <File Type="BITSTR-BMM" Name="clocked4x7SegDisplay_bd.bmm"/>
  <File Type="ROUTE-PWR-SUM" Name="clocked4x7SegDisplay_power_summary_routed.pb"/>
  <File Type="REPORTS-TCL" Name="clocked4x7SegDisplay_reports.tcl"/>
  <File Type="OPT-DCP" Name="clocked4x7SegDisplay_opt.dcp"/>
  <File Type="OPT-DRC" Name="clocked4x7SegDisplay_drc_opted.rpt"/>
  <File Type="OPT-HWDEF" Name="clocked4x7SegDisplay.hwdef"/>
  <File Type="PWROPT-DCP" Name="clocked4x7SegDisplay_pwropt.dcp"/>
  <File Type="PLACE-DCP" Name="clocked4x7SegDisplay_placed.dcp"/>
  <File Type="PLACE-IO" Name="clocked4x7SegDisplay_io_placed.rpt"/>
  <File Type="PLACE-UTIL" Name="clocked4x7SegDisplay_utilization_placed.rpt"/>
  <File Type="PLACE-UTIL-PB" Name="clocked4x7SegDisplay_utilization_placed.pb"/>
  <File Type="PLACE-CTRL" Name="clocked4x7SegDisplay_control_sets_placed.rpt"/>
  <File Type="PLACE-PRE-SIMILARITY" Name="clocked4x7SegDisplay_incremental_reuse_pre_placed.rpt"/>
  <File Type="BG-BGN" Name="clocked4x7SegDisplay.bgn"/>
  <File Type="POSTPLACE-PWROPT-DCP" Name="clocked4x7SegDisplay_postplace_pwropt.dcp"/>
  <File Type="BG-BIN" Name="clocked4x7SegDisplay.bin"/>
  <File Type="PHYSOPT-DCP" Name="clocked4x7SegDisplay_physopt.dcp"/>
  <File Type="BITSTR-MSK" Name="clocked4x7SegDisplay.msk"/>
  <File Type="ROUTE-ERROR-DCP" Name="clocked4x7SegDisplay_routed_error.dcp"/>
  <File Type="ROUTE-DCP" Name="clocked4x7SegDisplay_routed.dcp"/>
  <File Type="ROUTE-BLACKBOX-DCP" Name="clocked4x7SegDisplay_routed_bb.dcp"/>
  <File Type="ROUTE-DRC" Name="clocked4x7SegDisplay_drc_routed.rpt"/>
  <File Type="ROUTE-DRC-PB" Name="clocked4x7SegDisplay_drc_routed.pb"/>
  <File Type="ROUTE-DRC-RPX" Name="clocked4x7SegDisplay_drc_routed.rpx"/>
  <File Type="BITSTR-LTX" Name="clocked4x7SegDisplay.ltx"/>
  <File Type="ROUTE-METHODOLOGY-DRC" Name="clocked4x7SegDisplay_methodology_drc_routed.rpt"/>
  <File Type="BITSTR-MMI" Name="clocked4x7SegDisplay.mmi"/>
  <File Type="ROUTE-METHODOLOGY-DRC-RPX" Name="clocked4x7SegDisplay_methodology_drc_routed.rpx"/>
  <File Type="ROUTE-METHODOLOGY-DRC-PB" Name="clocked4x7SegDisplay_methodology_drc_routed.pb"/>
  <File Type="BITSTR-SYSDEF" Name="clocked4x7SegDisplay.sysdef"/>
  <File Type="ROUTE-PWR-RPX" Name="clocked4x7SegDisplay_power_routed.rpx"/>
  <File Type="ROUTE-STATUS" Name="clocked4x7SegDisplay_route_status.rpt"/>
  <File Type="ROUTE-STATUS-PB" Name="clocked4x7SegDisplay_route_status.pb"/>
  <File Type="ROUTE-TIMINGSUMMARY" Name="clocked4x7SegDisplay_timing_summary_routed.rpt"/>
  <File Type="ROUTE-TIMING-PB" Name="clocked4x7SegDisplay_timing_summary_routed.pb"/>
  <File Type="ROUTE-TIMING-RPX" Name="clocked4x7SegDisplay_timing_summary_routed.rpx"/>
  <File Type="ROUTE-CLK" Name="clocked4x7SegDisplay_clock_utilization_routed.rpt"/>
  <File Type="ROUTE-BUS-SKEW" Name="clocked4x7SegDisplay_bus_skew_routed.rpt"/>
  <File Type="ROUTE-BUS-SKEW-PB" Name="clocked4x7SegDisplay_bus_skew_routed.pb"/>
  <File Type="ROUTE-BUS-SKEW-RPX" Name="clocked4x7SegDisplay_bus_skew_routed.rpx"/>
  <File Type="POSTROUTE-PHYSOPT-DCP" Name="clocked4x7SegDisplay_postroute_physopt.dcp"/>
  <File Type="POSTROUTE-PHYSOPT-BLACKBOX-DCP" Name="clocked4x7SegDisplay_postroute_physopt_bb.dcp"/>
  <File Type="BG-BIT" Name="clocked4x7SegDisplay.bit"/>
  <File Type="BITSTR-RBT" Name="clocked4x7SegDisplay.rbt"/>
  <File Type="BITSTR-NKY" Name="clocked4x7SegDisplay.nky"/>
  <File Type="BG-DRC" Name="clocked4x7SegDisplay.drc"/>
  <File Type="RDI-RDI" Name="clocked4x7SegDisplay.vdi"/>
  <File Type="WBT-USG" Name="usage_statistics_webtalk.html"/>
  <FileSet Name="sources" Type="DesignSrcs" RelSrcDir="$PSRCDIR/sources_1">
    <Filter Type="Srcs"/>
    <File Path="$PSRCDIR/sources_1/new/clocked4x7SegDisplay.v">
      <FileInfo>
        <Attr Name="UsedIn" Val="synthesis"/>
        <Attr Name="UsedIn" Val="implementation"/>
        <Attr Name="UsedIn" Val="simulation"/>
      </FileInfo>
    </File>
    <File Path="$PSRCDIR/sources_1/imports/sources_1/new/d4x7segDisplay.v">
      <FileInfo>
        <Attr Name="ImportPath" Val="$PPRDIR/../d4x7segDisplay/d4x7SegDisplay.srcs/sources_1/new/d4x7segDisplay.v"/>
        <Attr Name="ImportTime" Val="1539888479"/>
        <Attr Name="UsedIn" Val="synthesis"/>
        <Attr Name="UsedIn" Val="implementation"/>
        <Attr Name="UsedIn" Val="simulation"/>
      </FileInfo>
    </File>
    <File Path="$PSRCDIR/sources_1/imports/sources_1/imports/new/m16x4Mux.v">
      <FileInfo>
        <Attr Name="ImportPath" Val="$PPRDIR/../d4x7segDisplay/d4x7SegDisplay.srcs/sources_1/imports/new/m16x4Mux.v"/>
        <Attr Name="ImportTime" Val="1539888479"/>
        <Attr Name="UsedIn" Val="synthesis"/>
        <Attr Name="UsedIn" Val="implementation"/>
        <Attr Name="UsedIn" Val="simulation"/>
      </FileInfo>
    </File>
    <File Path="$PSRCDIR/sources_1/imports/sources_1/imports/new/m2x1mux.v">
      <FileInfo>
        <Attr Name="ImportPath" Val="$PPRDIR/../d4x7segDisplay/d4x7SegDisplay.srcs/sources_1/imports/new/m2x1mux.v"/>
        <Attr Name="ImportTime" Val="1539888479"/>
        <Attr Name="UsedIn" Val="synthesis"/>
        <Attr Name="UsedIn" Val="implementation"/>
        <Attr Name="UsedIn" Val="simulation"/>
      </FileInfo>
    </File>
    <File Path="$PSRCDIR/sources_1/imports/sources_1/imports/new/m4x2Mux.v">
      <FileInfo>
        <Attr Name="ImportPath" Val="$PPRDIR/../d4x7segDisplay/d4x7SegDisplay.srcs/sources_1/imports/new/m4x2Mux.v"/>
        <Attr Name="ImportTime" Val="1539888479"/>
        <Attr Name="UsedIn" Val="synthesis"/>
        <Attr Name="UsedIn" Val="implementation"/>
        <Attr Name="UsedIn" Val="simulation"/>
      </FileInfo>
    </File>
    <File Path="$PSRCDIR/sources_1/imports/sources_1/imports/new/vcb.v">
      <FileInfo>
        <Attr Name="ImportPath" Val="$PPRDIR/../d4x7segDisplay/d4x7SegDisplay.srcs/sources_1/imports/new/vcb.v"/>
        <Attr Name="ImportTime" Val="1539888479"/>
        <Attr Name="UsedIn" Val="synthesis"/>
        <Attr Name="UsedIn" Val="implementation"/>
        <Attr Name="UsedIn" Val="simulation"/>
      </FileInfo>
    </File>
    <Config>
      <Option Name="DesignMode" Val="RTL"/>
      <Option Name="TopModule" Val="clocked4x7SegDisplay"/>
    </Config>
  </FileSet>
  <FileSet Name="constrs_in" Type="Constrs" RelSrcDir="$PSRCDIR/constrs_1">
    <Filter Type="Constrs"/>
    <File Path="$PSRCDIR/constrs_1/imports/CONSTANTS/Nexys4DDR_Master.xdc">
      <FileInfo>
        <Attr Name="ImportPath" Val="$PPRDIR/../d4x7segDisplay/d4x7SegDisplay.srcs/constrs_1/imports/CONSTANTS/Nexys4DDR_Master.xdc"/>
        <Attr Name="ImportTime" Val="1539888479"/>
        <Attr Name="UsedIn" Val="synthesis"/>
        <Attr Name="UsedIn" Val="implementation"/>
      </FileInfo>
    </File>
    <Config>
      <Option Name="ConstrsType" Val="XDC"/>
    </Config>
  </FileSet>
  <Strategy Version="1" Minor="2">
    <StratHandle Name="Vivado Implementation Defaults" Flow="Vivado Implementation 2018"/>
    <Step Id="init_design"/>
    <Step Id="opt_design"/>
    <Step Id="power_opt_design"/>
    <Step Id="place_design"/>
    <Step Id="post_place_power_opt_design"/>
    <Step Id="phys_opt_design"/>
    <Step Id="route_design"/>
    <Step Id="post_route_phys_opt_design"/>
    <Step Id="write_bitstream"/>
  </Strategy>
</GenRun>
