<?xml version="1.0" encoding="UTF-8"?>
<GenRun Id="impl_1" LaunchPart="xc7a100tcsg324-1" LaunchTime="1549917836">
  <File Type="BITSTR-BMM" Name="lsb_4_2_original_bd.bmm"/>
  <File Type="OPT-METHODOLOGY-DRC" Name="lsb_4_2_original_methodology_drc_opted.rpt"/>
  <File Type="INIT-TIMING" Name="lsb_4_2_original_timing_summary_init.rpt"/>
  <File Type="ROUTE-PWR" Name="lsb_4_2_original_power_routed.rpt"/>
  <File Type="PA-TCL" Name="lsb_4_2_original.tcl"/>
  <File Type="OPT-TIMING" Name="lsb_4_2_original_timing_summary_opted.rpt"/>
  <File Type="OPT-DCP" Name="lsb_4_2_original_opt.dcp"/>
  <File Type="ROUTE-PWR-SUM" Name="lsb_4_2_original_power_summary_routed.pb"/>
  <File Type="REPORTS-TCL" Name="lsb_4_2_original_reports.tcl"/>
  <File Type="OPT-DRC" Name="lsb_4_2_original_drc_opted.rpt"/>
  <File Type="OPT-HWDEF" Name="lsb_4_2_original.hwdef"/>
  <File Type="PWROPT-DCP" Name="lsb_4_2_original_pwropt.dcp"/>
  <File Type="PWROPT-DRC" Name="lsb_4_2_original_drc_pwropted.rpt"/>
  <File Type="PWROPT-TIMING" Name="lsb_4_2_original_timing_summary_pwropted.rpt"/>
  <File Type="PLACE-DCP" Name="lsb_4_2_original_placed.dcp"/>
  <File Type="PLACE-IO" Name="lsb_4_2_original_io_placed.rpt"/>
  <File Type="PLACE-CLK" Name="lsb_4_2_original_clock_utilization_placed.rpt"/>
  <File Type="PLACE-UTIL" Name="lsb_4_2_original_utilization_placed.rpt"/>
  <File Type="PLACE-UTIL-PB" Name="lsb_4_2_original_utilization_placed.pb"/>
  <File Type="PLACE-CTRL" Name="lsb_4_2_original_control_sets_placed.rpt"/>
  <File Type="PLACE-SIMILARITY" Name="lsb_4_2_original_incremental_reuse_placed.rpt"/>
  <File Type="PLACE-PRE-SIMILARITY" Name="lsb_4_2_original_incremental_reuse_pre_placed.rpt"/>
  <File Type="BG-BGN" Name="lsb_4_2_original.bgn"/>
  <File Type="PLACE-TIMING" Name="lsb_4_2_original_timing_summary_placed.rpt"/>
  <File Type="POSTPLACE-PWROPT-DCP" Name="lsb_4_2_original_postplace_pwropt.dcp"/>
  <File Type="BG-BIN" Name="lsb_4_2_original.bin"/>
  <File Type="POSTPLACE-PWROPT-TIMING" Name="lsb_4_2_original_timing_summary_postplace_pwropted.rpt"/>
  <File Type="PHYSOPT-DCP" Name="lsb_4_2_original_physopt.dcp"/>
  <File Type="PHYSOPT-DRC" Name="lsb_4_2_original_drc_physopted.rpt"/>
  <File Type="BITSTR-MSK" Name="lsb_4_2_original.msk"/>
  <File Type="PHYSOPT-TIMING" Name="lsb_4_2_original_timing_summary_physopted.rpt"/>
  <File Type="ROUTE-ERROR-DCP" Name="lsb_4_2_original_routed_error.dcp"/>
  <File Type="ROUTE-DCP" Name="lsb_4_2_original_routed.dcp"/>
  <File Type="ROUTE-BLACKBOX-DCP" Name="lsb_4_2_original_routed_bb.dcp"/>
  <File Type="ROUTE-DRC" Name="lsb_4_2_original_drc_routed.rpt"/>
  <File Type="ROUTE-DRC-PB" Name="lsb_4_2_original_drc_routed.pb"/>
  <File Type="BITSTR-LTX" Name="debug_nets.ltx"/>
  <File Type="BITSTR-LTX" Name="lsb_4_2_original.ltx"/>
  <File Type="ROUTE-DRC-RPX" Name="lsb_4_2_original_drc_routed.rpx"/>
  <File Type="BITSTR-MMI" Name="lsb_4_2_original.mmi"/>
  <File Type="ROUTE-METHODOLOGY-DRC" Name="lsb_4_2_original_methodology_drc_routed.rpt"/>
  <File Type="ROUTE-METHODOLOGY-DRC-RPX" Name="lsb_4_2_original_methodology_drc_routed.rpx"/>
  <File Type="BITSTR-SYSDEF" Name="lsb_4_2_original.sysdef"/>
  <File Type="ROUTE-METHODOLOGY-DRC-PB" Name="lsb_4_2_original_methodology_drc_routed.pb"/>
  <File Type="ROUTE-PWR-RPX" Name="lsb_4_2_original_power_routed.rpx"/>
  <File Type="ROUTE-STATUS" Name="lsb_4_2_original_route_status.rpt"/>
  <File Type="ROUTE-STATUS-PB" Name="lsb_4_2_original_route_status.pb"/>
  <File Type="ROUTE-TIMINGSUMMARY" Name="lsb_4_2_original_timing_summary_routed.rpt"/>
  <File Type="ROUTE-TIMING-PB" Name="lsb_4_2_original_timing_summary_routed.pb"/>
  <File Type="ROUTE-TIMING-RPX" Name="lsb_4_2_original_timing_summary_routed.rpx"/>
  <File Type="ROUTE-SIMILARITY" Name="lsb_4_2_original_incremental_reuse_routed.rpt"/>
  <File Type="ROUTE-CLK" Name="lsb_4_2_original_clock_utilization_routed.rpt"/>
  <File Type="ROUTE-BUS-SKEW" Name="lsb_4_2_original_bus_skew_routed.rpt"/>
  <File Type="ROUTE-BUS-SKEW-PB" Name="lsb_4_2_original_bus_skew_routed.pb"/>
  <File Type="ROUTE-BUS-SKEW-RPX" Name="lsb_4_2_original_bus_skew_routed.rpx"/>
  <File Type="POSTROUTE-PHYSOPT-DCP" Name="lsb_4_2_original_postroute_physopt.dcp"/>
  <File Type="POSTROUTE-PHYSOPT-BLACKBOX-DCP" Name="lsb_4_2_original_postroute_physopt_bb.dcp"/>
  <File Type="POSTROUTE-PHYSOPT-TIMING" Name="lsb_4_2_original_timing_summary_postroute_physopted.rpt"/>
  <File Type="POSTROUTE-PHYSOPT-TIMING-PB" Name="lsb_4_2_original_timing_summary_postroute_physopted.pb"/>
  <File Type="POSTROUTE-PHYSOPT-TIMING-RPX" Name="lsb_4_2_original_timing_summary_postroute_physopted.rpx"/>
  <File Type="POSTROUTE-PHYSOPT-BUS-SKEW" Name="lsb_4_2_original_bus_skew_postroute_physopted.rpt"/>
  <File Type="POSTROUTE-PHYSOPT-BUS-SKEW-PB" Name="lsb_4_2_original_bus_skew_postroute_physopted.pb"/>
  <File Type="BG-BIT" Name="lsb_4_2_original.bit"/>
  <File Type="POSTROUTE-PHYSOPT-BUS-SKEW-RPX" Name="lsb_4_2_original_bus_skew_postroute_physopted.rpx"/>
  <File Type="BITSTR-RBT" Name="lsb_4_2_original.rbt"/>
  <File Type="BITSTR-NKY" Name="lsb_4_2_original.nky"/>
  <File Type="BG-DRC" Name="lsb_4_2_original.drc"/>
  <File Type="RDI-RDI" Name="lsb_4_2_original.vdi"/>
  <File Type="WBT-USG" Name="usage_statistics_webtalk.html"/>
  <FileSet Name="sources" Type="DesignSrcs" RelSrcDir="$PSRCDIR/sources_1">
    <Filter Type="Srcs"/>
    <File Path="$PSRCDIR/sources_1/new/lsb_4_2_original.v">
      <FileInfo>
        <Attr Name="UsedIn" Val="synthesis"/>
        <Attr Name="UsedIn" Val="implementation"/>
        <Attr Name="UsedIn" Val="simulation"/>
      </FileInfo>
    </File>
    <Config>
      <Option Name="DesignMode" Val="RTL"/>
      <Option Name="TopModule" Val="lsb_4_2_original"/>
      <Option Name="TopAutoSet" Val="TRUE"/>
    </Config>
  </FileSet>
  <FileSet Name="constrs_in" Type="Constrs" RelSrcDir="$PSRCDIR/constrs_1">
    <Filter Type="Constrs"/>
    <File Path="$PPRDIR/../project_1/project_1.srcs/constrs_1/imports/-4LotsOfGates/Nexys4DDR_Master.xdc">
      <FileInfo>
        <Attr Name="UsedIn" Val="synthesis"/>
        <Attr Name="UsedIn" Val="implementation"/>
      </FileInfo>
    </File>
    <Config>
      <Option Name="ConstrsType" Val="XDC"/>
    </Config>
  </FileSet>
  <FileSet Name="utils" Type="Utils" RelSrcDir="$PSRCDIR/utils_1">
    <Filter Type="Utils"/>
    <Config>
      <Option Name="TopAutoSet" Val="TRUE"/>
    </Config>
  </FileSet>
  <Strategy Version="1" Minor="2">
    <StratHandle Name="Vivado Implementation Defaults" Flow="Vivado Implementation 2018">
      <Desc>Default settings for Implementation.</Desc>
    </StratHandle>
    <Step Id="init_design"/>
    <Step Id="opt_design"/>
    <Step Id="power_opt_design"/>
    <Step Id="place_design"/>
    <Step Id="post_place_power_opt_design"/>
    <Step Id="phys_opt_design"/>
    <Step Id="route_design"/>
    <Step Id="post_route_phys_opt_design"/>
    <Step Id="write_bitstream"/>
  </Strategy>
</GenRun>
