<?xml version="1.0" encoding="UTF-8"?>
<GenRun Id="impl_1" LaunchPart="xc7a100tcsg324-1" LaunchTime="1554290325">
  <File Type="BITSTR-BMM" Name="debounceTest_bd.bmm"/>
  <File Type="OPT-METHODOLOGY-DRC" Name="debounceTest_methodology_drc_opted.rpt"/>
  <File Type="INIT-TIMING" Name="debounceTest_timing_summary_init.rpt"/>
  <File Type="ROUTE-PWR" Name="debounceTest_power_routed.rpt"/>
  <File Type="PA-TCL" Name="debounceTest.tcl"/>
  <File Type="OPT-TIMING" Name="debounceTest_timing_summary_opted.rpt"/>
  <File Type="OPT-DCP" Name="debounceTest_opt.dcp"/>
  <File Type="ROUTE-PWR-SUM" Name="debounceTest_power_summary_routed.pb"/>
  <File Type="REPORTS-TCL" Name="debounceTest_reports.tcl"/>
  <File Type="OPT-DRC" Name="debounceTest_drc_opted.rpt"/>
  <File Type="OPT-HWDEF" Name="debounceTest.hwdef"/>
  <File Type="PWROPT-DCP" Name="debounceTest_pwropt.dcp"/>
  <File Type="PWROPT-DRC" Name="debounceTest_drc_pwropted.rpt"/>
  <File Type="PWROPT-TIMING" Name="debounceTest_timing_summary_pwropted.rpt"/>
  <File Type="PLACE-DCP" Name="debounceTest_placed.dcp"/>
  <File Type="PLACE-IO" Name="debounceTest_io_placed.rpt"/>
  <File Type="PLACE-CLK" Name="debounceTest_clock_utilization_placed.rpt"/>
  <File Type="PLACE-UTIL" Name="debounceTest_utilization_placed.rpt"/>
  <File Type="PLACE-UTIL-PB" Name="debounceTest_utilization_placed.pb"/>
  <File Type="PLACE-CTRL" Name="debounceTest_control_sets_placed.rpt"/>
  <File Type="PLACE-SIMILARITY" Name="debounceTest_incremental_reuse_placed.rpt"/>
  <File Type="PLACE-PRE-SIMILARITY" Name="debounceTest_incremental_reuse_pre_placed.rpt"/>
  <File Type="BG-BGN" Name="debounceTest.bgn"/>
  <File Type="PLACE-TIMING" Name="debounceTest_timing_summary_placed.rpt"/>
  <File Type="POSTPLACE-PWROPT-DCP" Name="debounceTest_postplace_pwropt.dcp"/>
  <File Type="BG-BIN" Name="debounceTest.bin"/>
  <File Type="POSTPLACE-PWROPT-TIMING" Name="debounceTest_timing_summary_postplace_pwropted.rpt"/>
  <File Type="PHYSOPT-DCP" Name="debounceTest_physopt.dcp"/>
  <File Type="PHYSOPT-DRC" Name="debounceTest_drc_physopted.rpt"/>
  <File Type="BITSTR-MSK" Name="debounceTest.msk"/>
  <File Type="PHYSOPT-TIMING" Name="debounceTest_timing_summary_physopted.rpt"/>
  <File Type="ROUTE-ERROR-DCP" Name="debounceTest_routed_error.dcp"/>
  <File Type="ROUTE-DCP" Name="debounceTest_routed.dcp"/>
  <File Type="ROUTE-BLACKBOX-DCP" Name="debounceTest_routed_bb.dcp"/>
  <File Type="ROUTE-DRC" Name="debounceTest_drc_routed.rpt"/>
  <File Type="ROUTE-DRC-PB" Name="debounceTest_drc_routed.pb"/>
  <File Type="BITSTR-LTX" Name="debug_nets.ltx"/>
  <File Type="BITSTR-LTX" Name="debounceTest.ltx"/>
  <File Type="ROUTE-DRC-RPX" Name="debounceTest_drc_routed.rpx"/>
  <File Type="BITSTR-MMI" Name="debounceTest.mmi"/>
  <File Type="ROUTE-METHODOLOGY-DRC" Name="debounceTest_methodology_drc_routed.rpt"/>
  <File Type="ROUTE-METHODOLOGY-DRC-RPX" Name="debounceTest_methodology_drc_routed.rpx"/>
  <File Type="BITSTR-SYSDEF" Name="debounceTest.sysdef"/>
  <File Type="ROUTE-METHODOLOGY-DRC-PB" Name="debounceTest_methodology_drc_routed.pb"/>
  <File Type="ROUTE-PWR-RPX" Name="debounceTest_power_routed.rpx"/>
  <File Type="ROUTE-STATUS" Name="debounceTest_route_status.rpt"/>
  <File Type="ROUTE-STATUS-PB" Name="debounceTest_route_status.pb"/>
  <File Type="ROUTE-TIMINGSUMMARY" Name="debounceTest_timing_summary_routed.rpt"/>
  <File Type="ROUTE-TIMING-PB" Name="debounceTest_timing_summary_routed.pb"/>
  <File Type="ROUTE-TIMING-RPX" Name="debounceTest_timing_summary_routed.rpx"/>
  <File Type="ROUTE-SIMILARITY" Name="debounceTest_incremental_reuse_routed.rpt"/>
  <File Type="ROUTE-CLK" Name="debounceTest_clock_utilization_routed.rpt"/>
  <File Type="ROUTE-BUS-SKEW" Name="debounceTest_bus_skew_routed.rpt"/>
  <File Type="ROUTE-BUS-SKEW-PB" Name="debounceTest_bus_skew_routed.pb"/>
  <File Type="ROUTE-BUS-SKEW-RPX" Name="debounceTest_bus_skew_routed.rpx"/>
  <File Type="POSTROUTE-PHYSOPT-DCP" Name="debounceTest_postroute_physopt.dcp"/>
  <File Type="POSTROUTE-PHYSOPT-BLACKBOX-DCP" Name="debounceTest_postroute_physopt_bb.dcp"/>
  <File Type="POSTROUTE-PHYSOPT-TIMING" Name="debounceTest_timing_summary_postroute_physopted.rpt"/>
  <File Type="POSTROUTE-PHYSOPT-TIMING-PB" Name="debounceTest_timing_summary_postroute_physopted.pb"/>
  <File Type="POSTROUTE-PHYSOPT-TIMING-RPX" Name="debounceTest_timing_summary_postroute_physopted.rpx"/>
  <File Type="POSTROUTE-PHYSOPT-BUS-SKEW" Name="debounceTest_bus_skew_postroute_physopted.rpt"/>
  <File Type="POSTROUTE-PHYSOPT-BUS-SKEW-PB" Name="debounceTest_bus_skew_postroute_physopted.pb"/>
  <File Type="BG-BIT" Name="debounceTest.bit"/>
  <File Type="POSTROUTE-PHYSOPT-BUS-SKEW-RPX" Name="debounceTest_bus_skew_postroute_physopted.rpx"/>
  <File Type="BITSTR-RBT" Name="debounceTest.rbt"/>
  <File Type="BITSTR-NKY" Name="debounceTest.nky"/>
  <File Type="BG-DRC" Name="debounceTest.drc"/>
  <File Type="RDI-RDI" Name="debounceTest.vdi"/>
  <File Type="WBT-USG" Name="usage_statistics_webtalk.html"/>
  <FileSet Name="sources" Type="DesignSrcs" RelSrcDir="$PSRCDIR/sources_1">
    <Filter Type="Srcs"/>
    <File Path="$PSRCDIR/sources_1/imports/1_PushButtonDebounce/debounce.sv">
      <FileInfo>
        <Attr Name="ImportPath" Val="$PPRDIR/../1_deBounce/debounce.sv"/>
        <Attr Name="ImportTime" Val="1553341823"/>
        <Attr Name="UsedIn" Val="synthesis"/>
        <Attr Name="UsedIn" Val="implementation"/>
        <Attr Name="UsedIn" Val="simulation"/>
      </FileInfo>
    </File>
    <File Path="$PSRCDIR/sources_1/new/debounceTest.sv">
      <FileInfo>
        <Attr Name="UsedIn" Val="synthesis"/>
        <Attr Name="UsedIn" Val="implementation"/>
      </FileInfo>
    </File>
    <Config>
      <Option Name="DesignMode" Val="RTL"/>
      <Option Name="TopModule" Val="debounceTest"/>
      <Option Name="TopAutoSet" Val="TRUE"/>
    </Config>
  </FileSet>
  <FileSet Name="constrs_in" Type="Constrs" RelSrcDir="$PSRCDIR/constrs_1">
    <Filter Type="Constrs"/>
    <File Path="$PSRCDIR/constrs_1/imports/ENES246/Nexys4DDR_Master.xdc">
      <FileInfo>
        <Attr Name="ImportPath" Val="$PPRDIR/../../Nexys4DDR_Master.xdc"/>
        <Attr Name="ImportTime" Val="1553341824"/>
        <Attr Name="UsedIn" Val="synthesis"/>
        <Attr Name="UsedIn" Val="implementation"/>
      </FileInfo>
    </File>
    <Config>
      <Option Name="ConstrsType" Val="XDC"/>
    </Config>
  </FileSet>
  <FileSet Name="utils" Type="Utils" RelSrcDir="$PSRCDIR/utils_1">
    <Filter Type="Utils"/>
    <Config>
      <Option Name="TopAutoSet" Val="TRUE"/>
    </Config>
  </FileSet>
  <Strategy Version="1" Minor="2">
    <StratHandle Name="Vivado Implementation Defaults" Flow="Vivado Implementation 2018"/>
    <Step Id="init_design"/>
    <Step Id="opt_design"/>
    <Step Id="power_opt_design"/>
    <Step Id="place_design"/>
    <Step Id="post_place_power_opt_design"/>
    <Step Id="phys_opt_design"/>
    <Step Id="route_design"/>
    <Step Id="post_route_phys_opt_design"/>
    <Step Id="write_bitstream"/>
  </Strategy>
</GenRun>
