<?xml version="1.0" encoding="UTF-8"?>
<GenRun Id="impl_1" LaunchPart="xc7a100tcsg324-1" LaunchTime="1550344864">
  <File Type="BITSTR-BMM" Name="if_a_bd.bmm"/>
  <File Type="OPT-METHODOLOGY-DRC" Name="if_a_methodology_drc_opted.rpt"/>
  <File Type="INIT-TIMING" Name="if_a_timing_summary_init.rpt"/>
  <File Type="ROUTE-PWR" Name="if_a_power_routed.rpt"/>
  <File Type="PA-TCL" Name="if_a.tcl"/>
  <File Type="OPT-TIMING" Name="if_a_timing_summary_opted.rpt"/>
  <File Type="OPT-DCP" Name="if_a_opt.dcp"/>
  <File Type="ROUTE-PWR-SUM" Name="if_a_power_summary_routed.pb"/>
  <File Type="REPORTS-TCL" Name="if_a_reports.tcl"/>
  <File Type="OPT-DRC" Name="if_a_drc_opted.rpt"/>
  <File Type="OPT-HWDEF" Name="if_a.hwdef"/>
  <File Type="PWROPT-DCP" Name="if_a_pwropt.dcp"/>
  <File Type="PWROPT-DRC" Name="if_a_drc_pwropted.rpt"/>
  <File Type="PWROPT-TIMING" Name="if_a_timing_summary_pwropted.rpt"/>
  <File Type="PLACE-DCP" Name="if_a_placed.dcp"/>
  <File Type="PLACE-IO" Name="if_a_io_placed.rpt"/>
  <File Type="PLACE-CLK" Name="if_a_clock_utilization_placed.rpt"/>
  <File Type="PLACE-UTIL" Name="if_a_utilization_placed.rpt"/>
  <File Type="PLACE-UTIL-PB" Name="if_a_utilization_placed.pb"/>
  <File Type="PLACE-CTRL" Name="if_a_control_sets_placed.rpt"/>
  <File Type="PLACE-SIMILARITY" Name="if_a_incremental_reuse_placed.rpt"/>
  <File Type="PLACE-PRE-SIMILARITY" Name="if_a_incremental_reuse_pre_placed.rpt"/>
  <File Type="BG-BGN" Name="if_a.bgn"/>
  <File Type="PLACE-TIMING" Name="if_a_timing_summary_placed.rpt"/>
  <File Type="POSTPLACE-PWROPT-DCP" Name="if_a_postplace_pwropt.dcp"/>
  <File Type="BG-BIN" Name="if_a.bin"/>
  <File Type="POSTPLACE-PWROPT-TIMING" Name="if_a_timing_summary_postplace_pwropted.rpt"/>
  <File Type="PHYSOPT-DCP" Name="if_a_physopt.dcp"/>
  <File Type="PHYSOPT-DRC" Name="if_a_drc_physopted.rpt"/>
  <File Type="BITSTR-MSK" Name="if_a.msk"/>
  <File Type="PHYSOPT-TIMING" Name="if_a_timing_summary_physopted.rpt"/>
  <File Type="ROUTE-ERROR-DCP" Name="if_a_routed_error.dcp"/>
  <File Type="ROUTE-DCP" Name="if_a_routed.dcp"/>
  <File Type="ROUTE-BLACKBOX-DCP" Name="if_a_routed_bb.dcp"/>
  <File Type="ROUTE-DRC" Name="if_a_drc_routed.rpt"/>
  <File Type="ROUTE-DRC-PB" Name="if_a_drc_routed.pb"/>
  <File Type="BITSTR-LTX" Name="debug_nets.ltx"/>
  <File Type="BITSTR-LTX" Name="if_a.ltx"/>
  <File Type="ROUTE-DRC-RPX" Name="if_a_drc_routed.rpx"/>
  <File Type="BITSTR-MMI" Name="if_a.mmi"/>
  <File Type="ROUTE-METHODOLOGY-DRC" Name="if_a_methodology_drc_routed.rpt"/>
  <File Type="ROUTE-METHODOLOGY-DRC-RPX" Name="if_a_methodology_drc_routed.rpx"/>
  <File Type="BITSTR-SYSDEF" Name="if_a.sysdef"/>
  <File Type="ROUTE-METHODOLOGY-DRC-PB" Name="if_a_methodology_drc_routed.pb"/>
  <File Type="ROUTE-PWR-RPX" Name="if_a_power_routed.rpx"/>
  <File Type="ROUTE-STATUS" Name="if_a_route_status.rpt"/>
  <File Type="ROUTE-STATUS-PB" Name="if_a_route_status.pb"/>
  <File Type="ROUTE-TIMINGSUMMARY" Name="if_a_timing_summary_routed.rpt"/>
  <File Type="ROUTE-TIMING-PB" Name="if_a_timing_summary_routed.pb"/>
  <File Type="ROUTE-TIMING-RPX" Name="if_a_timing_summary_routed.rpx"/>
  <File Type="ROUTE-SIMILARITY" Name="if_a_incremental_reuse_routed.rpt"/>
  <File Type="ROUTE-CLK" Name="if_a_clock_utilization_routed.rpt"/>
  <File Type="ROUTE-BUS-SKEW" Name="if_a_bus_skew_routed.rpt"/>
  <File Type="ROUTE-BUS-SKEW-PB" Name="if_a_bus_skew_routed.pb"/>
  <File Type="ROUTE-BUS-SKEW-RPX" Name="if_a_bus_skew_routed.rpx"/>
  <File Type="POSTROUTE-PHYSOPT-DCP" Name="if_a_postroute_physopt.dcp"/>
  <File Type="POSTROUTE-PHYSOPT-BLACKBOX-DCP" Name="if_a_postroute_physopt_bb.dcp"/>
  <File Type="POSTROUTE-PHYSOPT-TIMING" Name="if_a_timing_summary_postroute_physopted.rpt"/>
  <File Type="POSTROUTE-PHYSOPT-TIMING-PB" Name="if_a_timing_summary_postroute_physopted.pb"/>
  <File Type="POSTROUTE-PHYSOPT-TIMING-RPX" Name="if_a_timing_summary_postroute_physopted.rpx"/>
  <File Type="POSTROUTE-PHYSOPT-BUS-SKEW" Name="if_a_bus_skew_postroute_physopted.rpt"/>
  <File Type="POSTROUTE-PHYSOPT-BUS-SKEW-PB" Name="if_a_bus_skew_postroute_physopted.pb"/>
  <File Type="BG-BIT" Name="if_a.bit"/>
  <File Type="POSTROUTE-PHYSOPT-BUS-SKEW-RPX" Name="if_a_bus_skew_postroute_physopted.rpx"/>
  <File Type="BITSTR-RBT" Name="if_a.rbt"/>
  <File Type="BITSTR-NKY" Name="if_a.nky"/>
  <File Type="BG-DRC" Name="if_a.drc"/>
  <File Type="RDI-RDI" Name="if_a.vdi"/>
  <File Type="WBT-USG" Name="usage_statistics_webtalk.html"/>
  <FileSet Name="sources" Type="DesignSrcs" RelSrcDir="$PSRCDIR/sources_1">
    <Filter Type="Srcs"/>
    <File Path="$PSRCDIR/sources_1/imports/2_1_if_a/if_a.sv">
      <FileInfo>
        <Attr Name="ImportPath" Val="$PPRDIR/if_a.sv"/>
        <Attr Name="ImportTime" Val="1550340612"/>
        <Attr Name="UsedIn" Val="synthesis"/>
        <Attr Name="UsedIn" Val="implementation"/>
        <Attr Name="UsedIn" Val="simulation"/>
      </FileInfo>
    </File>
    <Config>
      <Option Name="DesignMode" Val="RTL"/>
      <Option Name="TopModule" Val="if_a"/>
      <Option Name="TopAutoSet" Val="TRUE"/>
    </Config>
  </FileSet>
  <FileSet Name="constrs_in" Type="Constrs" RelSrcDir="$PSRCDIR/constrs_1">
    <Filter Type="Constrs"/>
    <File Path="$PSRCDIR/constrs_1/imports/1_3_Non-blocking/Nexys4DDR_Master.xdc">
      <FileInfo>
        <Attr Name="ImportPath" Val="$PPRDIR/../1_3_Non-blocking/Nexys4DDR_Master.xdc"/>
        <Attr Name="ImportTime" Val="1550324684"/>
        <Attr Name="UsedIn" Val="synthesis"/>
        <Attr Name="UsedIn" Val="implementation"/>
      </FileInfo>
    </File>
    <Config>
      <Option Name="ConstrsType" Val="XDC"/>
    </Config>
  </FileSet>
  <FileSet Name="utils" Type="Utils" RelSrcDir="$PSRCDIR/utils_1">
    <Filter Type="Utils"/>
    <Config>
      <Option Name="TopAutoSet" Val="TRUE"/>
    </Config>
  </FileSet>
  <Strategy Version="1" Minor="2">
    <StratHandle Name="Vivado Implementation Defaults" Flow="Vivado Implementation 2018">
      <Desc>Default settings for Implementation.</Desc>
    </StratHandle>
    <Step Id="init_design"/>
    <Step Id="opt_design"/>
    <Step Id="power_opt_design"/>
    <Step Id="place_design"/>
    <Step Id="post_place_power_opt_design"/>
    <Step Id="phys_opt_design"/>
    <Step Id="route_design"/>
    <Step Id="post_route_phys_opt_design"/>
    <Step Id="write_bitstream"/>
  </Strategy>
</GenRun>
