<?xml version="1.0" encoding="UTF-8"?>
<GenRun Id="impl_1" LaunchPart="xc7a100tcsg324-1" LaunchTime="1554728959">
  <File Type="BITSTR-BMM" Name="hamming_bd.bmm"/>
  <File Type="OPT-METHODOLOGY-DRC" Name="hamming_methodology_drc_opted.rpt"/>
  <File Type="INIT-TIMING" Name="hamming_timing_summary_init.rpt"/>
  <File Type="ROUTE-PWR" Name="hamming_power_routed.rpt"/>
  <File Type="PA-TCL" Name="hamming.tcl"/>
  <File Type="OPT-TIMING" Name="hamming_timing_summary_opted.rpt"/>
  <File Type="OPT-DCP" Name="hamming_opt.dcp"/>
  <File Type="ROUTE-PWR-SUM" Name="hamming_power_summary_routed.pb"/>
  <File Type="REPORTS-TCL" Name="hamming_reports.tcl"/>
  <File Type="OPT-DRC" Name="hamming_drc_opted.rpt"/>
  <File Type="OPT-HWDEF" Name="hamming.hwdef"/>
  <File Type="PWROPT-DCP" Name="hamming_pwropt.dcp"/>
  <File Type="PWROPT-DRC" Name="hamming_drc_pwropted.rpt"/>
  <File Type="PWROPT-TIMING" Name="hamming_timing_summary_pwropted.rpt"/>
  <File Type="PLACE-DCP" Name="hamming_placed.dcp"/>
  <File Type="PLACE-IO" Name="hamming_io_placed.rpt"/>
  <File Type="PLACE-CLK" Name="hamming_clock_utilization_placed.rpt"/>
  <File Type="PLACE-UTIL" Name="hamming_utilization_placed.rpt"/>
  <File Type="PLACE-UTIL-PB" Name="hamming_utilization_placed.pb"/>
  <File Type="PLACE-CTRL" Name="hamming_control_sets_placed.rpt"/>
  <File Type="PLACE-SIMILARITY" Name="hamming_incremental_reuse_placed.rpt"/>
  <File Type="PLACE-PRE-SIMILARITY" Name="hamming_incremental_reuse_pre_placed.rpt"/>
  <File Type="BG-BGN" Name="hamming.bgn"/>
  <File Type="PLACE-TIMING" Name="hamming_timing_summary_placed.rpt"/>
  <File Type="POSTPLACE-PWROPT-DCP" Name="hamming_postplace_pwropt.dcp"/>
  <File Type="BG-BIN" Name="hamming.bin"/>
  <File Type="POSTPLACE-PWROPT-TIMING" Name="hamming_timing_summary_postplace_pwropted.rpt"/>
  <File Type="PHYSOPT-DCP" Name="hamming_physopt.dcp"/>
  <File Type="PHYSOPT-DRC" Name="hamming_drc_physopted.rpt"/>
  <File Type="BITSTR-MSK" Name="hamming.msk"/>
  <File Type="PHYSOPT-TIMING" Name="hamming_timing_summary_physopted.rpt"/>
  <File Type="ROUTE-ERROR-DCP" Name="hamming_routed_error.dcp"/>
  <File Type="ROUTE-DCP" Name="hamming_routed.dcp"/>
  <File Type="ROUTE-BLACKBOX-DCP" Name="hamming_routed_bb.dcp"/>
  <File Type="ROUTE-DRC" Name="hamming_drc_routed.rpt"/>
  <File Type="ROUTE-DRC-PB" Name="hamming_drc_routed.pb"/>
  <File Type="BITSTR-LTX" Name="debug_nets.ltx"/>
  <File Type="BITSTR-LTX" Name="hamming.ltx"/>
  <File Type="ROUTE-DRC-RPX" Name="hamming_drc_routed.rpx"/>
  <File Type="BITSTR-MMI" Name="hamming.mmi"/>
  <File Type="ROUTE-METHODOLOGY-DRC" Name="hamming_methodology_drc_routed.rpt"/>
  <File Type="ROUTE-METHODOLOGY-DRC-RPX" Name="hamming_methodology_drc_routed.rpx"/>
  <File Type="BITSTR-SYSDEF" Name="hamming.sysdef"/>
  <File Type="ROUTE-METHODOLOGY-DRC-PB" Name="hamming_methodology_drc_routed.pb"/>
  <File Type="ROUTE-PWR-RPX" Name="hamming_power_routed.rpx"/>
  <File Type="ROUTE-STATUS" Name="hamming_route_status.rpt"/>
  <File Type="ROUTE-STATUS-PB" Name="hamming_route_status.pb"/>
  <File Type="ROUTE-TIMINGSUMMARY" Name="hamming_timing_summary_routed.rpt"/>
  <File Type="ROUTE-TIMING-PB" Name="hamming_timing_summary_routed.pb"/>
  <File Type="ROUTE-TIMING-RPX" Name="hamming_timing_summary_routed.rpx"/>
  <File Type="ROUTE-SIMILARITY" Name="hamming_incremental_reuse_routed.rpt"/>
  <File Type="ROUTE-CLK" Name="hamming_clock_utilization_routed.rpt"/>
  <File Type="ROUTE-BUS-SKEW" Name="hamming_bus_skew_routed.rpt"/>
  <File Type="ROUTE-BUS-SKEW-PB" Name="hamming_bus_skew_routed.pb"/>
  <File Type="ROUTE-BUS-SKEW-RPX" Name="hamming_bus_skew_routed.rpx"/>
  <File Type="POSTROUTE-PHYSOPT-DCP" Name="hamming_postroute_physopt.dcp"/>
  <File Type="POSTROUTE-PHYSOPT-BLACKBOX-DCP" Name="hamming_postroute_physopt_bb.dcp"/>
  <File Type="POSTROUTE-PHYSOPT-TIMING" Name="hamming_timing_summary_postroute_physopted.rpt"/>
  <File Type="POSTROUTE-PHYSOPT-TIMING-PB" Name="hamming_timing_summary_postroute_physopted.pb"/>
  <File Type="POSTROUTE-PHYSOPT-TIMING-RPX" Name="hamming_timing_summary_postroute_physopted.rpx"/>
  <File Type="POSTROUTE-PHYSOPT-BUS-SKEW" Name="hamming_bus_skew_postroute_physopted.rpt"/>
  <File Type="POSTROUTE-PHYSOPT-BUS-SKEW-PB" Name="hamming_bus_skew_postroute_physopted.pb"/>
  <File Type="BG-BIT" Name="hamming.bit"/>
  <File Type="POSTROUTE-PHYSOPT-BUS-SKEW-RPX" Name="hamming_bus_skew_postroute_physopted.rpx"/>
  <File Type="BITSTR-RBT" Name="hamming.rbt"/>
  <File Type="BITSTR-NKY" Name="hamming.nky"/>
  <File Type="BG-DRC" Name="hamming.drc"/>
  <File Type="RDI-RDI" Name="hamming.vdi"/>
  <File Type="WBT-USG" Name="usage_statistics_webtalk.html"/>
  <FileSet Name="sources" Type="DesignSrcs" RelSrcDir="$PSRCDIR/sources_1">
    <Filter Type="Srcs"/>
    <File Path="$PSRCDIR/sources_1/new/hamming.sv">
      <FileInfo>
        <Attr Name="UsedIn" Val="synthesis"/>
        <Attr Name="UsedIn" Val="implementation"/>
        <Attr Name="UsedIn" Val="simulation"/>
      </FileInfo>
    </File>
    <File Path="$PSRCDIR/sources_1/imports/6_7SegDoubleBlanking/7SegDisplaySplit.sv">
      <FileInfo>
        <Attr Name="AutoDisabled" Val="1"/>
        <Attr Name="ImportPath" Val="$PPRDIR/../../11IP/2_Square_Root_IP/SquareRootIP.srcs/sources_1/imports/6_7SegDoubleBlanking/7SegDisplaySplit.sv"/>
        <Attr Name="ImportTime" Val="1554376807"/>
        <Attr Name="UsedIn" Val="synthesis"/>
        <Attr Name="UsedIn" Val="implementation"/>
        <Attr Name="UsedIn" Val="simulation"/>
      </FileInfo>
    </File>
    <Config>
      <Option Name="DesignMode" Val="RTL"/>
      <Option Name="TopModule" Val="hamming"/>
      <Option Name="TopAutoSet" Val="TRUE"/>
    </Config>
  </FileSet>
  <FileSet Name="constrs_in" Type="Constrs" RelSrcDir="$PSRCDIR/constrs_1">
    <Filter Type="Constrs"/>
    <File Path="$PSRCDIR/constrs_1/imports/ENES246/Nexys4DDR_Master.xdc">
      <FileInfo>
        <Attr Name="ImportPath" Val="$PPRDIR/../../Nexys4DDR_Master.xdc"/>
        <Attr Name="ImportTime" Val="1554674822"/>
        <Attr Name="UsedIn" Val="synthesis"/>
        <Attr Name="UsedIn" Val="implementation"/>
      </FileInfo>
    </File>
    <Config>
      <Option Name="ConstrsType" Val="XDC"/>
    </Config>
  </FileSet>
  <FileSet Name="utils" Type="Utils" RelSrcDir="$PSRCDIR/utils_1">
    <Filter Type="Utils"/>
    <Config>
      <Option Name="TopAutoSet" Val="TRUE"/>
    </Config>
  </FileSet>
  <Strategy Version="1" Minor="2">
    <StratHandle Name="Vivado Implementation Defaults" Flow="Vivado Implementation 2018">
      <Desc>Default settings for Implementation.</Desc>
    </StratHandle>
    <Step Id="init_design"/>
    <Step Id="opt_design"/>
    <Step Id="power_opt_design"/>
    <Step Id="place_design"/>
    <Step Id="post_place_power_opt_design"/>
    <Step Id="phys_opt_design"/>
    <Step Id="route_design"/>
    <Step Id="post_route_phys_opt_design"/>
    <Step Id="write_bitstream"/>
  </Strategy>
</GenRun>
