<?xml version="1.0" encoding="UTF-8"?>
<GenRun Id="impl_1" LaunchPart="xc7a100tcsg324-1" LaunchTime="1556891370">
  <File Type="BITSTR-BMM" Name="universalShiftRegister_bd.bmm"/>
  <File Type="OPT-METHODOLOGY-DRC" Name="universalShiftRegister_methodology_drc_opted.rpt"/>
  <File Type="INIT-TIMING" Name="universalShiftRegister_timing_summary_init.rpt"/>
  <File Type="ROUTE-PWR" Name="universalShiftRegister_power_routed.rpt"/>
  <File Type="PA-TCL" Name="universalShiftRegister.tcl"/>
  <File Type="OPT-TIMING" Name="universalShiftRegister_timing_summary_opted.rpt"/>
  <File Type="OPT-DCP" Name="universalShiftRegister_opt.dcp"/>
  <File Type="ROUTE-PWR-SUM" Name="universalShiftRegister_power_summary_routed.pb"/>
  <File Type="REPORTS-TCL" Name="universalShiftRegister_reports.tcl"/>
  <File Type="OPT-DRC" Name="universalShiftRegister_drc_opted.rpt"/>
  <File Type="OPT-HWDEF" Name="universalShiftRegister.hwdef"/>
  <File Type="PWROPT-DCP" Name="universalShiftRegister_pwropt.dcp"/>
  <File Type="PWROPT-DRC" Name="universalShiftRegister_drc_pwropted.rpt"/>
  <File Type="PWROPT-TIMING" Name="universalShiftRegister_timing_summary_pwropted.rpt"/>
  <File Type="PLACE-DCP" Name="universalShiftRegister_placed.dcp"/>
  <File Type="PLACE-IO" Name="universalShiftRegister_io_placed.rpt"/>
  <File Type="PLACE-CLK" Name="universalShiftRegister_clock_utilization_placed.rpt"/>
  <File Type="PLACE-UTIL" Name="universalShiftRegister_utilization_placed.rpt"/>
  <File Type="PLACE-UTIL-PB" Name="universalShiftRegister_utilization_placed.pb"/>
  <File Type="PLACE-CTRL" Name="universalShiftRegister_control_sets_placed.rpt"/>
  <File Type="PLACE-SIMILARITY" Name="universalShiftRegister_incremental_reuse_placed.rpt"/>
  <File Type="PLACE-PRE-SIMILARITY" Name="universalShiftRegister_incremental_reuse_pre_placed.rpt"/>
  <File Type="BG-BGN" Name="universalShiftRegister.bgn"/>
  <File Type="PLACE-TIMING" Name="universalShiftRegister_timing_summary_placed.rpt"/>
  <File Type="POSTPLACE-PWROPT-DCP" Name="universalShiftRegister_postplace_pwropt.dcp"/>
  <File Type="BG-BIN" Name="universalShiftRegister.bin"/>
  <File Type="POSTPLACE-PWROPT-TIMING" Name="universalShiftRegister_timing_summary_postplace_pwropted.rpt"/>
  <File Type="PHYSOPT-DCP" Name="universalShiftRegister_physopt.dcp"/>
  <File Type="PHYSOPT-DRC" Name="universalShiftRegister_drc_physopted.rpt"/>
  <File Type="BITSTR-MSK" Name="universalShiftRegister.msk"/>
  <File Type="PHYSOPT-TIMING" Name="universalShiftRegister_timing_summary_physopted.rpt"/>
  <File Type="ROUTE-ERROR-DCP" Name="universalShiftRegister_routed_error.dcp"/>
  <File Type="ROUTE-DCP" Name="universalShiftRegister_routed.dcp"/>
  <File Type="ROUTE-BLACKBOX-DCP" Name="universalShiftRegister_routed_bb.dcp"/>
  <File Type="ROUTE-DRC" Name="universalShiftRegister_drc_routed.rpt"/>
  <File Type="ROUTE-DRC-PB" Name="universalShiftRegister_drc_routed.pb"/>
  <File Type="BITSTR-LTX" Name="debug_nets.ltx"/>
  <File Type="BITSTR-LTX" Name="universalShiftRegister.ltx"/>
  <File Type="ROUTE-DRC-RPX" Name="universalShiftRegister_drc_routed.rpx"/>
  <File Type="BITSTR-MMI" Name="universalShiftRegister.mmi"/>
  <File Type="ROUTE-METHODOLOGY-DRC" Name="universalShiftRegister_methodology_drc_routed.rpt"/>
  <File Type="ROUTE-METHODOLOGY-DRC-RPX" Name="universalShiftRegister_methodology_drc_routed.rpx"/>
  <File Type="BITSTR-SYSDEF" Name="universalShiftRegister.sysdef"/>
  <File Type="ROUTE-METHODOLOGY-DRC-PB" Name="universalShiftRegister_methodology_drc_routed.pb"/>
  <File Type="ROUTE-PWR-RPX" Name="universalShiftRegister_power_routed.rpx"/>
  <File Type="ROUTE-STATUS" Name="universalShiftRegister_route_status.rpt"/>
  <File Type="ROUTE-STATUS-PB" Name="universalShiftRegister_route_status.pb"/>
  <File Type="ROUTE-TIMINGSUMMARY" Name="universalShiftRegister_timing_summary_routed.rpt"/>
  <File Type="ROUTE-TIMING-PB" Name="universalShiftRegister_timing_summary_routed.pb"/>
  <File Type="ROUTE-TIMING-RPX" Name="universalShiftRegister_timing_summary_routed.rpx"/>
  <File Type="ROUTE-SIMILARITY" Name="universalShiftRegister_incremental_reuse_routed.rpt"/>
  <File Type="ROUTE-CLK" Name="universalShiftRegister_clock_utilization_routed.rpt"/>
  <File Type="ROUTE-BUS-SKEW" Name="universalShiftRegister_bus_skew_routed.rpt"/>
  <File Type="ROUTE-BUS-SKEW-PB" Name="universalShiftRegister_bus_skew_routed.pb"/>
  <File Type="ROUTE-BUS-SKEW-RPX" Name="universalShiftRegister_bus_skew_routed.rpx"/>
  <File Type="POSTROUTE-PHYSOPT-DCP" Name="universalShiftRegister_postroute_physopt.dcp"/>
  <File Type="POSTROUTE-PHYSOPT-BLACKBOX-DCP" Name="universalShiftRegister_postroute_physopt_bb.dcp"/>
  <File Type="POSTROUTE-PHYSOPT-TIMING" Name="universalShiftRegister_timing_summary_postroute_physopted.rpt"/>
  <File Type="POSTROUTE-PHYSOPT-TIMING-PB" Name="universalShiftRegister_timing_summary_postroute_physopted.pb"/>
  <File Type="POSTROUTE-PHYSOPT-TIMING-RPX" Name="universalShiftRegister_timing_summary_postroute_physopted.rpx"/>
  <File Type="POSTROUTE-PHYSOPT-BUS-SKEW" Name="universalShiftRegister_bus_skew_postroute_physopted.rpt"/>
  <File Type="POSTROUTE-PHYSOPT-BUS-SKEW-PB" Name="universalShiftRegister_bus_skew_postroute_physopted.pb"/>
  <File Type="BG-BIT" Name="universalShiftRegister.bit"/>
  <File Type="POSTROUTE-PHYSOPT-BUS-SKEW-RPX" Name="universalShiftRegister_bus_skew_postroute_physopted.rpx"/>
  <File Type="BITSTR-RBT" Name="universalShiftRegister.rbt"/>
  <File Type="BITSTR-NKY" Name="universalShiftRegister.nky"/>
  <File Type="BG-DRC" Name="universalShiftRegister.drc"/>
  <File Type="RDI-RDI" Name="universalShiftRegister.vdi"/>
  <File Type="WBT-USG" Name="usage_statistics_webtalk.html"/>
  <FileSet Name="sources" Type="DesignSrcs" RelSrcDir="$PSRCDIR/sources_1">
    <Filter Type="Srcs"/>
    <File Path="$PSRCDIR/sources_1/new/shiftOperator.sv">
      <FileInfo>
        <Attr Name="UsedIn" Val="synthesis"/>
        <Attr Name="UsedIn" Val="implementation"/>
        <Attr Name="UsedIn" Val="simulation"/>
      </FileInfo>
    </File>
    <Config>
      <Option Name="DesignMode" Val="RTL"/>
      <Option Name="TopModule" Val="universalShiftRegister"/>
      <Option Name="TopAutoSet" Val="TRUE"/>
    </Config>
  </FileSet>
  <FileSet Name="constrs_in" Type="Constrs" RelSrcDir="$PSRCDIR/constrs_1">
    <Filter Type="Constrs"/>
    <File Path="$PSRCDIR/constrs_1/imports/ENES246/Nexys4DDR_Master.xdc">
      <FileInfo>
        <Attr Name="ImportPath" Val="$PPRDIR/../../Nexys4DDR_Master.xdc"/>
        <Attr Name="ImportTime" Val="1551874708"/>
        <Attr Name="UsedIn" Val="synthesis"/>
        <Attr Name="UsedIn" Val="implementation"/>
      </FileInfo>
    </File>
    <Config>
      <Option Name="ConstrsType" Val="XDC"/>
    </Config>
  </FileSet>
  <FileSet Name="utils" Type="Utils" RelSrcDir="$PSRCDIR/utils_1">
    <Filter Type="Utils"/>
    <Config>
      <Option Name="TopAutoSet" Val="TRUE"/>
    </Config>
  </FileSet>
  <Strategy Version="1" Minor="2">
    <StratHandle Name="Vivado Implementation Defaults" Flow="Vivado Implementation 2018"/>
    <Step Id="init_design"/>
    <Step Id="opt_design"/>
    <Step Id="power_opt_design"/>
    <Step Id="place_design"/>
    <Step Id="post_place_power_opt_design"/>
    <Step Id="phys_opt_design"/>
    <Step Id="route_design"/>
    <Step Id="post_route_phys_opt_design"/>
    <Step Id="write_bitstream"/>
  </Strategy>
</GenRun>
