<?xml version="1.0" encoding="UTF-8"?>
<GenRun Id="synth_1" LaunchPart="xc7a100tcsg324-1" LaunchTime="1549917836">
  <File Type="PA-TCL" Name="lsb_4_2_original.tcl"/>
  <File Type="RDS-PROPCONSTRS" Name="lsb_4_2_original_drc_synth.rpt"/>
  <File Type="REPORTS-TCL" Name="lsb_4_2_original_reports.tcl"/>
  <File Type="RDS-RDS" Name="lsb_4_2_original.vds"/>
  <File Type="RDS-UTIL" Name="lsb_4_2_original_utilization_synth.rpt"/>
  <File Type="RDS-UTIL-PB" Name="lsb_4_2_original_utilization_synth.pb"/>
  <File Type="RDS-DCP" Name="lsb_4_2_original.dcp"/>
  <File Type="VDS-TIMINGSUMMARY" Name="lsb_4_2_original_timing_summary_synth.rpt"/>
  <File Type="VDS-TIMING-PB" Name="lsb_4_2_original_timing_summary_synth.pb"/>
  <FileSet Name="sources" Type="DesignSrcs" RelSrcDir="$PSRCDIR/sources_1">
    <Filter Type="Srcs"/>
    <File Path="$PSRCDIR/sources_1/new/lsb_4_2_original.v">
      <FileInfo>
        <Attr Name="UsedIn" Val="synthesis"/>
        <Attr Name="UsedIn" Val="implementation"/>
        <Attr Name="UsedIn" Val="simulation"/>
      </FileInfo>
    </File>
    <Config>
      <Option Name="DesignMode" Val="RTL"/>
      <Option Name="TopModule" Val="lsb_4_2_original"/>
      <Option Name="TopAutoSet" Val="TRUE"/>
    </Config>
  </FileSet>
  <FileSet Name="constrs_in" Type="Constrs" RelSrcDir="$PSRCDIR/constrs_1">
    <Filter Type="Constrs"/>
    <File Path="$PPRDIR/../project_1/project_1.srcs/constrs_1/imports/-4LotsOfGates/Nexys4DDR_Master.xdc">
      <FileInfo>
        <Attr Name="UsedIn" Val="synthesis"/>
        <Attr Name="UsedIn" Val="implementation"/>
      </FileInfo>
    </File>
    <Config>
      <Option Name="ConstrsType" Val="XDC"/>
    </Config>
  </FileSet>
  <FileSet Name="utils" Type="Utils" RelSrcDir="$PSRCDIR/utils_1">
    <Filter Type="Utils"/>
    <Config>
      <Option Name="TopAutoSet" Val="TRUE"/>
    </Config>
  </FileSet>
  <Strategy Version="1" Minor="2">
    <StratHandle Name="Vivado Synthesis Defaults" Flow="Vivado Synthesis 2018">
      <Desc>Vivado Synthesis Defaults</Desc>
    </StratHandle>
    <Step Id="synth_design"/>
  </Strategy>
</GenRun>
