<?xml version="1.0" encoding="UTF-8"?>
<GenRun Id="synth_1" LaunchPart="xc7a100tcsg324-1" LaunchTime="1550371270">
  <File Type="PA-TCL" Name="case_parallel.tcl"/>
  <File Type="RDS-PROPCONSTRS" Name="case_parallel_drc_synth.rpt"/>
  <File Type="REPORTS-TCL" Name="case_parallel_reports.tcl"/>
  <File Type="RDS-RDS" Name="case_parallel.vds"/>
  <File Type="RDS-UTIL" Name="case_parallel_utilization_synth.rpt"/>
  <File Type="RDS-UTIL-PB" Name="case_parallel_utilization_synth.pb"/>
  <File Type="RDS-DCP" Name="case_parallel.dcp"/>
  <File Type="VDS-TIMINGSUMMARY" Name="case_parallel_timing_summary_synth.rpt"/>
  <File Type="VDS-TIMING-PB" Name="case_parallel_timing_summary_synth.pb"/>
  <FileSet Name="sources" Type="DesignSrcs" RelSrcDir="$PSRCDIR/sources_1">
    <Filter Type="Srcs"/>
    <File Path="$PSRCDIR/sources_1/imports/2_2_case_Parallel/case_parallel.sv">
      <FileInfo>
        <Attr Name="ImportPath" Val="$PPRDIR/../2_2_case_Parallel/case_parallel.sv"/>
        <Attr Name="ImportTime" Val="1550371022"/>
        <Attr Name="UsedIn" Val="synthesis"/>
        <Attr Name="UsedIn" Val="implementation"/>
        <Attr Name="UsedIn" Val="simulation"/>
      </FileInfo>
    </File>
    <Config>
      <Option Name="DesignMode" Val="RTL"/>
      <Option Name="TopModule" Val="case_parallel"/>
      <Option Name="TopAutoSet" Val="TRUE"/>
    </Config>
  </FileSet>
  <FileSet Name="constrs_in" Type="Constrs" RelSrcDir="$PSRCDIR/constrs_1">
    <Filter Type="Constrs"/>
    <File Path="$PSRCDIR/constrs_1/imports/2_2_case_Parallel/Nexys4DDR_Master.xdc">
      <FileInfo>
        <Attr Name="ImportPath" Val="$PPRDIR/../2_2_case_Parallel/Nexys4DDR_Master.xdc"/>
        <Attr Name="ImportTime" Val="1550344852"/>
        <Attr Name="UsedIn" Val="synthesis"/>
        <Attr Name="UsedIn" Val="implementation"/>
      </FileInfo>
    </File>
    <Config>
      <Option Name="ConstrsType" Val="XDC"/>
    </Config>
  </FileSet>
  <FileSet Name="utils" Type="Utils" RelSrcDir="$PSRCDIR/utils_1">
    <Filter Type="Utils"/>
    <Config>
      <Option Name="TopAutoSet" Val="TRUE"/>
    </Config>
  </FileSet>
  <Strategy Version="1" Minor="2">
    <StratHandle Name="Vivado Synthesis Defaults" Flow="Vivado Synthesis 2018">
      <Desc>Vivado Synthesis Defaults</Desc>
    </StratHandle>
    <Step Id="synth_design"/>
  </Strategy>
</GenRun>
