<?xml version="1.0" encoding="UTF-8"?>
<GenRun Id="synth_1" LaunchPart="xc7a100tcsg324-1" LaunchTime="1548276651">
  <File Type="PA-TCL" Name="m4x2Mux.tcl"/>
  <File Type="RDS-PROPCONSTRS" Name="m4x2Mux_drc_synth.rpt"/>
  <File Type="REPORTS-TCL" Name="m4x2Mux_reports.tcl"/>
  <File Type="RDS-RDS" Name="m4x2Mux.vds"/>
  <File Type="RDS-UTIL" Name="m4x2Mux_utilization_synth.rpt"/>
  <File Type="RDS-UTIL-PB" Name="m4x2Mux_utilization_synth.pb"/>
  <File Type="RDS-DCP" Name="m4x2Mux.dcp"/>
  <File Type="VDS-TIMINGSUMMARY" Name="m4x2Mux_timing_summary_synth.rpt"/>
  <File Type="VDS-TIMING-PB" Name="m4x2Mux_timing_summary_synth.pb"/>
  <FileSet Name="sources" Type="DesignSrcs" RelSrcDir="$PSRCDIR/sources_1">
    <Filter Type="Srcs"/>
    <File Path="$PSRCDIR/sources_1/imports/new/m2x1mux.v">
      <FileInfo>
        <Attr Name="ImportPath" Val="$PPRDIR/../../m2x1Mux/m2x1Mux/m2x1Mux.srcs/sources_1/new/m2x1mux.v"/>
        <Attr Name="ImportTime" Val="1538589818"/>
        <Attr Name="UsedIn" Val="synthesis"/>
        <Attr Name="UsedIn" Val="implementation"/>
        <Attr Name="UsedIn" Val="simulation"/>
      </FileInfo>
    </File>
    <File Path="$PSRCDIR/sources_1/new/m4x2Mux.v">
      <FileInfo>
        <Attr Name="UsedIn" Val="synthesis"/>
        <Attr Name="UsedIn" Val="implementation"/>
        <Attr Name="UsedIn" Val="simulation"/>
      </FileInfo>
    </File>
    <Config>
      <Option Name="DesignMode" Val="RTL"/>
      <Option Name="TopModule" Val="m4x2Mux"/>
    </Config>
  </FileSet>
  <FileSet Name="constrs_in" Type="Constrs" RelSrcDir="$PSRCDIR/constrs_1">
    <Filter Type="Constrs"/>
    <File Path="$PSRCDIR/constrs_1/imports/m4x2Mux/Nexys4DDR_Master.xdc">
      <FileInfo>
        <Attr Name="ImportPath" Val="$PPRDIR/../Nexys4DDR_Master.xdc"/>
        <Attr Name="ImportTime" Val="1538588244"/>
        <Attr Name="UsedIn" Val="synthesis"/>
        <Attr Name="UsedIn" Val="implementation"/>
      </FileInfo>
    </File>
    <Config>
      <Option Name="ConstrsType" Val="XDC"/>
    </Config>
  </FileSet>
  <FileSet Name="utils" Type="Utils" RelSrcDir="$PSRCDIR/utils_1">
    <Filter Type="Utils"/>
    <Config>
      <Option Name="TopAutoSet" Val="TRUE"/>
    </Config>
  </FileSet>
  <Strategy Version="1" Minor="2">
    <StratHandle Name="Vivado Synthesis Defaults" Flow="Vivado Synthesis 2018"/>
    <Step Id="synth_design"/>
  </Strategy>
</GenRun>
