<?xml version="1.0" encoding="UTF-8"?>
<GenRun Id="impl_1" LaunchPart="xc7a100tcsg324-1" LaunchTime="1557339950">
  <File Type="BITSTR-BMM" Name="mod2_bd.bmm"/>
  <File Type="OPT-METHODOLOGY-DRC" Name="mod2_methodology_drc_opted.rpt"/>
  <File Type="INIT-TIMING" Name="mod2_timing_summary_init.rpt"/>
  <File Type="ROUTE-PWR" Name="mod2_power_routed.rpt"/>
  <File Type="PA-TCL" Name="mod2.tcl"/>
  <File Type="OPT-TIMING" Name="mod2_timing_summary_opted.rpt"/>
  <File Type="OPT-DCP" Name="mod2_opt.dcp"/>
  <File Type="ROUTE-PWR-SUM" Name="mod2_power_summary_routed.pb"/>
  <File Type="REPORTS-TCL" Name="mod2_reports.tcl"/>
  <File Type="OPT-DRC" Name="mod2_drc_opted.rpt"/>
  <File Type="OPT-HWDEF" Name="mod2.hwdef"/>
  <File Type="PWROPT-DCP" Name="mod2_pwropt.dcp"/>
  <File Type="PWROPT-DRC" Name="mod2_drc_pwropted.rpt"/>
  <File Type="PWROPT-TIMING" Name="mod2_timing_summary_pwropted.rpt"/>
  <File Type="PLACE-DCP" Name="mod2_placed.dcp"/>
  <File Type="PLACE-IO" Name="mod2_io_placed.rpt"/>
  <File Type="PLACE-CLK" Name="mod2_clock_utilization_placed.rpt"/>
  <File Type="PLACE-UTIL" Name="mod2_utilization_placed.rpt"/>
  <File Type="PLACE-UTIL-PB" Name="mod2_utilization_placed.pb"/>
  <File Type="PLACE-CTRL" Name="mod2_control_sets_placed.rpt"/>
  <File Type="PLACE-SIMILARITY" Name="mod2_incremental_reuse_placed.rpt"/>
  <File Type="PLACE-PRE-SIMILARITY" Name="mod2_incremental_reuse_pre_placed.rpt"/>
  <File Type="BG-BGN" Name="mod2.bgn"/>
  <File Type="PLACE-TIMING" Name="mod2_timing_summary_placed.rpt"/>
  <File Type="POSTPLACE-PWROPT-DCP" Name="mod2_postplace_pwropt.dcp"/>
  <File Type="BG-BIN" Name="mod2.bin"/>
  <File Type="POSTPLACE-PWROPT-TIMING" Name="mod2_timing_summary_postplace_pwropted.rpt"/>
  <File Type="PHYSOPT-DCP" Name="mod2_physopt.dcp"/>
  <File Type="PHYSOPT-DRC" Name="mod2_drc_physopted.rpt"/>
  <File Type="BITSTR-MSK" Name="mod2.msk"/>
  <File Type="PHYSOPT-TIMING" Name="mod2_timing_summary_physopted.rpt"/>
  <File Type="ROUTE-ERROR-DCP" Name="mod2_routed_error.dcp"/>
  <File Type="ROUTE-DCP" Name="mod2_routed.dcp"/>
  <File Type="ROUTE-BLACKBOX-DCP" Name="mod2_routed_bb.dcp"/>
  <File Type="ROUTE-DRC" Name="mod2_drc_routed.rpt"/>
  <File Type="ROUTE-DRC-PB" Name="mod2_drc_routed.pb"/>
  <File Type="BITSTR-LTX" Name="debug_nets.ltx"/>
  <File Type="BITSTR-LTX" Name="mod2.ltx"/>
  <File Type="ROUTE-DRC-RPX" Name="mod2_drc_routed.rpx"/>
  <File Type="BITSTR-MMI" Name="mod2.mmi"/>
  <File Type="ROUTE-METHODOLOGY-DRC" Name="mod2_methodology_drc_routed.rpt"/>
  <File Type="ROUTE-METHODOLOGY-DRC-RPX" Name="mod2_methodology_drc_routed.rpx"/>
  <File Type="BITSTR-SYSDEF" Name="mod2.sysdef"/>
  <File Type="ROUTE-METHODOLOGY-DRC-PB" Name="mod2_methodology_drc_routed.pb"/>
  <File Type="ROUTE-PWR-RPX" Name="mod2_power_routed.rpx"/>
  <File Type="ROUTE-STATUS" Name="mod2_route_status.rpt"/>
  <File Type="ROUTE-STATUS-PB" Name="mod2_route_status.pb"/>
  <File Type="ROUTE-TIMINGSUMMARY" Name="mod2_timing_summary_routed.rpt"/>
  <File Type="ROUTE-TIMING-PB" Name="mod2_timing_summary_routed.pb"/>
  <File Type="ROUTE-TIMING-RPX" Name="mod2_timing_summary_routed.rpx"/>
  <File Type="ROUTE-SIMILARITY" Name="mod2_incremental_reuse_routed.rpt"/>
  <File Type="ROUTE-CLK" Name="mod2_clock_utilization_routed.rpt"/>
  <File Type="ROUTE-BUS-SKEW" Name="mod2_bus_skew_routed.rpt"/>
  <File Type="ROUTE-BUS-SKEW-PB" Name="mod2_bus_skew_routed.pb"/>
  <File Type="ROUTE-BUS-SKEW-RPX" Name="mod2_bus_skew_routed.rpx"/>
  <File Type="POSTROUTE-PHYSOPT-DCP" Name="mod2_postroute_physopt.dcp"/>
  <File Type="POSTROUTE-PHYSOPT-BLACKBOX-DCP" Name="mod2_postroute_physopt_bb.dcp"/>
  <File Type="POSTROUTE-PHYSOPT-TIMING" Name="mod2_timing_summary_postroute_physopted.rpt"/>
  <File Type="POSTROUTE-PHYSOPT-TIMING-PB" Name="mod2_timing_summary_postroute_physopted.pb"/>
  <File Type="POSTROUTE-PHYSOPT-TIMING-RPX" Name="mod2_timing_summary_postroute_physopted.rpx"/>
  <File Type="POSTROUTE-PHYSOPT-BUS-SKEW" Name="mod2_bus_skew_postroute_physopted.rpt"/>
  <File Type="POSTROUTE-PHYSOPT-BUS-SKEW-PB" Name="mod2_bus_skew_postroute_physopted.pb"/>
  <File Type="BG-BIT" Name="mod2.bit"/>
  <File Type="POSTROUTE-PHYSOPT-BUS-SKEW-RPX" Name="mod2_bus_skew_postroute_physopted.rpx"/>
  <File Type="BITSTR-RBT" Name="mod2.rbt"/>
  <File Type="BITSTR-NKY" Name="mod2.nky"/>
  <File Type="BG-DRC" Name="mod2.drc"/>
  <File Type="RDI-RDI" Name="mod2.vdi"/>
  <File Type="WBT-USG" Name="usage_statistics_webtalk.html"/>
  <FileSet Name="sources" Type="DesignSrcs" RelSrcDir="$PSRCDIR/sources_1">
    <Filter Type="Srcs"/>
    <File Path="$PSRCDIR/sources_1/new/mod2.sv">
      <FileInfo>
        <Attr Name="UsedIn" Val="synthesis"/>
        <Attr Name="UsedIn" Val="implementation"/>
        <Attr Name="UsedIn" Val="simulation"/>
      </FileInfo>
    </File>
    <Config>
      <Option Name="DesignMode" Val="RTL"/>
      <Option Name="TopModule" Val="mod2"/>
      <Option Name="TopAutoSet" Val="TRUE"/>
    </Config>
  </FileSet>
  <FileSet Name="constrs_in" Type="Constrs" RelSrcDir="$PSRCDIR/constrs_1">
    <Filter Type="Constrs"/>
    <File Path="$PSRCDIR/constrs_1/imports/2_Mod/Nexys4DDR_Master.xdc">
      <FileInfo>
        <Attr Name="ImportPath" Val="$PPRDIR/Nexys4DDR_Master.xdc"/>
        <Attr Name="ImportTime" Val="1554674822"/>
        <Attr Name="UsedIn" Val="synthesis"/>
        <Attr Name="UsedIn" Val="implementation"/>
      </FileInfo>
    </File>
    <Config>
      <Option Name="ConstrsType" Val="XDC"/>
    </Config>
  </FileSet>
  <FileSet Name="utils" Type="Utils" RelSrcDir="$PSRCDIR/utils_1">
    <Filter Type="Utils"/>
    <Config>
      <Option Name="TopAutoSet" Val="TRUE"/>
    </Config>
  </FileSet>
  <Strategy Version="1" Minor="2">
    <StratHandle Name="Vivado Implementation Defaults" Flow="Vivado Implementation 2018"/>
    <Step Id="init_design"/>
    <Step Id="opt_design"/>
    <Step Id="power_opt_design"/>
    <Step Id="place_design"/>
    <Step Id="post_place_power_opt_design"/>
    <Step Id="phys_opt_design"/>
    <Step Id="route_design"/>
    <Step Id="post_route_phys_opt_design"/>
    <Step Id="write_bitstream"/>
  </Strategy>
</GenRun>
