<?xml version="1.0" encoding="UTF-8"?>
<GenRun Id="impl_1" LaunchPart="xc7a100tcsg324-1" LaunchTime="1553593156">
  <File Type="BITSTR-BMM" Name="cliff_classic_bd.bmm"/>
  <File Type="OPT-METHODOLOGY-DRC" Name="cliff_classic_methodology_drc_opted.rpt"/>
  <File Type="INIT-TIMING" Name="cliff_classic_timing_summary_init.rpt"/>
  <File Type="ROUTE-PWR" Name="cliff_classic_power_routed.rpt"/>
  <File Type="PA-TCL" Name="cliff_classic.tcl"/>
  <File Type="OPT-TIMING" Name="cliff_classic_timing_summary_opted.rpt"/>
  <File Type="OPT-DCP" Name="cliff_classic_opt.dcp"/>
  <File Type="ROUTE-PWR-SUM" Name="cliff_classic_power_summary_routed.pb"/>
  <File Type="REPORTS-TCL" Name="cliff_classic_reports.tcl"/>
  <File Type="OPT-DRC" Name="cliff_classic_drc_opted.rpt"/>
  <File Type="OPT-HWDEF" Name="cliff_classic.hwdef"/>
  <File Type="PWROPT-DCP" Name="cliff_classic_pwropt.dcp"/>
  <File Type="PWROPT-DRC" Name="cliff_classic_drc_pwropted.rpt"/>
  <File Type="PWROPT-TIMING" Name="cliff_classic_timing_summary_pwropted.rpt"/>
  <File Type="PLACE-DCP" Name="cliff_classic_placed.dcp"/>
  <File Type="PLACE-IO" Name="cliff_classic_io_placed.rpt"/>
  <File Type="PLACE-CLK" Name="cliff_classic_clock_utilization_placed.rpt"/>
  <File Type="PLACE-UTIL" Name="cliff_classic_utilization_placed.rpt"/>
  <File Type="PLACE-UTIL-PB" Name="cliff_classic_utilization_placed.pb"/>
  <File Type="PLACE-CTRL" Name="cliff_classic_control_sets_placed.rpt"/>
  <File Type="PLACE-SIMILARITY" Name="cliff_classic_incremental_reuse_placed.rpt"/>
  <File Type="PLACE-PRE-SIMILARITY" Name="cliff_classic_incremental_reuse_pre_placed.rpt"/>
  <File Type="BG-BGN" Name="cliff_classic.bgn"/>
  <File Type="PLACE-TIMING" Name="cliff_classic_timing_summary_placed.rpt"/>
  <File Type="POSTPLACE-PWROPT-DCP" Name="cliff_classic_postplace_pwropt.dcp"/>
  <File Type="BG-BIN" Name="cliff_classic.bin"/>
  <File Type="POSTPLACE-PWROPT-TIMING" Name="cliff_classic_timing_summary_postplace_pwropted.rpt"/>
  <File Type="PHYSOPT-DCP" Name="cliff_classic_physopt.dcp"/>
  <File Type="PHYSOPT-DRC" Name="cliff_classic_drc_physopted.rpt"/>
  <File Type="BITSTR-MSK" Name="cliff_classic.msk"/>
  <File Type="PHYSOPT-TIMING" Name="cliff_classic_timing_summary_physopted.rpt"/>
  <File Type="ROUTE-ERROR-DCP" Name="cliff_classic_routed_error.dcp"/>
  <File Type="ROUTE-DCP" Name="cliff_classic_routed.dcp"/>
  <File Type="ROUTE-BLACKBOX-DCP" Name="cliff_classic_routed_bb.dcp"/>
  <File Type="ROUTE-DRC" Name="cliff_classic_drc_routed.rpt"/>
  <File Type="ROUTE-DRC-PB" Name="cliff_classic_drc_routed.pb"/>
  <File Type="BITSTR-LTX" Name="debug_nets.ltx"/>
  <File Type="BITSTR-LTX" Name="cliff_classic.ltx"/>
  <File Type="ROUTE-DRC-RPX" Name="cliff_classic_drc_routed.rpx"/>
  <File Type="BITSTR-MMI" Name="cliff_classic.mmi"/>
  <File Type="ROUTE-METHODOLOGY-DRC" Name="cliff_classic_methodology_drc_routed.rpt"/>
  <File Type="ROUTE-METHODOLOGY-DRC-RPX" Name="cliff_classic_methodology_drc_routed.rpx"/>
  <File Type="BITSTR-SYSDEF" Name="cliff_classic.sysdef"/>
  <File Type="ROUTE-METHODOLOGY-DRC-PB" Name="cliff_classic_methodology_drc_routed.pb"/>
  <File Type="ROUTE-PWR-RPX" Name="cliff_classic_power_routed.rpx"/>
  <File Type="ROUTE-STATUS" Name="cliff_classic_route_status.rpt"/>
  <File Type="ROUTE-STATUS-PB" Name="cliff_classic_route_status.pb"/>
  <File Type="ROUTE-TIMINGSUMMARY" Name="cliff_classic_timing_summary_routed.rpt"/>
  <File Type="ROUTE-TIMING-PB" Name="cliff_classic_timing_summary_routed.pb"/>
  <File Type="ROUTE-TIMING-RPX" Name="cliff_classic_timing_summary_routed.rpx"/>
  <File Type="ROUTE-SIMILARITY" Name="cliff_classic_incremental_reuse_routed.rpt"/>
  <File Type="ROUTE-CLK" Name="cliff_classic_clock_utilization_routed.rpt"/>
  <File Type="ROUTE-BUS-SKEW" Name="cliff_classic_bus_skew_routed.rpt"/>
  <File Type="ROUTE-BUS-SKEW-PB" Name="cliff_classic_bus_skew_routed.pb"/>
  <File Type="ROUTE-BUS-SKEW-RPX" Name="cliff_classic_bus_skew_routed.rpx"/>
  <File Type="POSTROUTE-PHYSOPT-DCP" Name="cliff_classic_postroute_physopt.dcp"/>
  <File Type="POSTROUTE-PHYSOPT-BLACKBOX-DCP" Name="cliff_classic_postroute_physopt_bb.dcp"/>
  <File Type="POSTROUTE-PHYSOPT-TIMING" Name="cliff_classic_timing_summary_postroute_physopted.rpt"/>
  <File Type="POSTROUTE-PHYSOPT-TIMING-PB" Name="cliff_classic_timing_summary_postroute_physopted.pb"/>
  <File Type="POSTROUTE-PHYSOPT-TIMING-RPX" Name="cliff_classic_timing_summary_postroute_physopted.rpx"/>
  <File Type="POSTROUTE-PHYSOPT-BUS-SKEW" Name="cliff_classic_bus_skew_postroute_physopted.rpt"/>
  <File Type="POSTROUTE-PHYSOPT-BUS-SKEW-PB" Name="cliff_classic_bus_skew_postroute_physopted.pb"/>
  <File Type="BG-BIT" Name="cliff_classic.bit"/>
  <File Type="POSTROUTE-PHYSOPT-BUS-SKEW-RPX" Name="cliff_classic_bus_skew_postroute_physopted.rpx"/>
  <File Type="BITSTR-RBT" Name="cliff_classic.rbt"/>
  <File Type="BITSTR-NKY" Name="cliff_classic.nky"/>
  <File Type="BG-DRC" Name="cliff_classic.drc"/>
  <File Type="RDI-RDI" Name="cliff_classic.vdi"/>
  <File Type="WBT-USG" Name="usage_statistics_webtalk.html"/>
  <FileSet Name="sources" Type="DesignSrcs" RelSrcDir="$PSRCDIR/sources_1">
    <Filter Type="Srcs"/>
    <File Path="$PSRCDIR/sources_1/imports/project2/cliff_classic.sv">
      <FileInfo>
        <Attr Name="ImportPath" Val="$PPRDIR/../cliff_classic.sv"/>
        <Attr Name="ImportTime" Val="1553588755"/>
        <Attr Name="UsedIn" Val="synthesis"/>
        <Attr Name="UsedIn" Val="implementation"/>
        <Attr Name="UsedIn" Val="simulation"/>
      </FileInfo>
    </File>
    <Config>
      <Option Name="DesignMode" Val="RTL"/>
      <Option Name="TopModule" Val="cliff_classic"/>
      <Option Name="TopAutoSet" Val="TRUE"/>
    </Config>
  </FileSet>
  <FileSet Name="constrs_in" Type="Constrs" RelSrcDir="$PSRCDIR/constrs_1">
    <Filter Type="Constrs"/>
    <File Path="$PSRCDIR/constrs_1/imports/ENES246/Nexys4DDR_Master.xdc">
      <FileInfo>
        <Attr Name="ImportPath" Val="$PPRDIR/../../../../Nexys4DDR_Master.xdc"/>
        <Attr Name="ImportTime" Val="1553533059"/>
        <Attr Name="UsedIn" Val="synthesis"/>
        <Attr Name="UsedIn" Val="implementation"/>
      </FileInfo>
    </File>
    <Config>
      <Option Name="ConstrsType" Val="XDC"/>
    </Config>
  </FileSet>
  <FileSet Name="utils" Type="Utils" RelSrcDir="$PSRCDIR/utils_1">
    <Filter Type="Utils"/>
    <Config>
      <Option Name="TopAutoSet" Val="TRUE"/>
    </Config>
  </FileSet>
  <Strategy Version="1" Minor="2">
    <StratHandle Name="Vivado Implementation Defaults" Flow="Vivado Implementation 2018"/>
    <Step Id="init_design"/>
    <Step Id="opt_design"/>
    <Step Id="power_opt_design"/>
    <Step Id="place_design"/>
    <Step Id="post_place_power_opt_design"/>
    <Step Id="phys_opt_design"/>
    <Step Id="route_design"/>
    <Step Id="post_route_phys_opt_design"/>
    <Step Id="write_bitstream"/>
  </Strategy>
</GenRun>
