<?xml version="1.0" encoding="UTF-8"?>
<GenRun Id="synth_1" LaunchPart="xc7a100tcsg324-1" LaunchTime="1550344864">
  <File Type="PA-TCL" Name="if_a.tcl"/>
  <File Type="RDS-PROPCONSTRS" Name="if_a_drc_synth.rpt"/>
  <File Type="REPORTS-TCL" Name="if_a_reports.tcl"/>
  <File Type="RDS-RDS" Name="if_a.vds"/>
  <File Type="RDS-UTIL" Name="if_a_utilization_synth.rpt"/>
  <File Type="RDS-UTIL-PB" Name="if_a_utilization_synth.pb"/>
  <File Type="RDS-DCP" Name="if_a.dcp"/>
  <File Type="VDS-TIMINGSUMMARY" Name="if_a_timing_summary_synth.rpt"/>
  <File Type="VDS-TIMING-PB" Name="if_a_timing_summary_synth.pb"/>
  <FileSet Name="sources" Type="DesignSrcs" RelSrcDir="$PSRCDIR/sources_1">
    <Filter Type="Srcs"/>
    <File Path="$PSRCDIR/sources_1/imports/2_1_if_a/if_a.sv">
      <FileInfo>
        <Attr Name="ImportPath" Val="$PPRDIR/if_a.sv"/>
        <Attr Name="ImportTime" Val="1550340612"/>
        <Attr Name="UsedIn" Val="synthesis"/>
        <Attr Name="UsedIn" Val="implementation"/>
        <Attr Name="UsedIn" Val="simulation"/>
      </FileInfo>
    </File>
    <Config>
      <Option Name="DesignMode" Val="RTL"/>
      <Option Name="TopModule" Val="if_a"/>
      <Option Name="TopAutoSet" Val="TRUE"/>
    </Config>
  </FileSet>
  <FileSet Name="constrs_in" Type="Constrs" RelSrcDir="$PSRCDIR/constrs_1">
    <Filter Type="Constrs"/>
    <File Path="$PSRCDIR/constrs_1/imports/1_3_Non-blocking/Nexys4DDR_Master.xdc">
      <FileInfo>
        <Attr Name="ImportPath" Val="$PPRDIR/../1_3_Non-blocking/Nexys4DDR_Master.xdc"/>
        <Attr Name="ImportTime" Val="1550324684"/>
        <Attr Name="UsedIn" Val="synthesis"/>
        <Attr Name="UsedIn" Val="implementation"/>
      </FileInfo>
    </File>
    <Config>
      <Option Name="ConstrsType" Val="XDC"/>
    </Config>
  </FileSet>
  <FileSet Name="utils" Type="Utils" RelSrcDir="$PSRCDIR/utils_1">
    <Filter Type="Utils"/>
    <Config>
      <Option Name="TopAutoSet" Val="TRUE"/>
    </Config>
  </FileSet>
  <Strategy Version="1" Minor="2">
    <StratHandle Name="Vivado Synthesis Defaults" Flow="Vivado Synthesis 2018">
      <Desc>Vivado Synthesis Defaults</Desc>
    </StratHandle>
    <Step Id="synth_design"/>
  </Strategy>
</GenRun>
