<?xml version="1.0" encoding="UTF-8"?>
<GenRun Id="impl_1" LaunchPart="xc7a100tcsg324-1" LaunchTime="1550371270">
  <File Type="BITSTR-BMM" Name="case_parallel_bd.bmm"/>
  <File Type="OPT-METHODOLOGY-DRC" Name="case_parallel_methodology_drc_opted.rpt"/>
  <File Type="INIT-TIMING" Name="case_parallel_timing_summary_init.rpt"/>
  <File Type="ROUTE-PWR" Name="case_parallel_power_routed.rpt"/>
  <File Type="PA-TCL" Name="case_parallel.tcl"/>
  <File Type="OPT-TIMING" Name="case_parallel_timing_summary_opted.rpt"/>
  <File Type="OPT-DCP" Name="case_parallel_opt.dcp"/>
  <File Type="ROUTE-PWR-SUM" Name="case_parallel_power_summary_routed.pb"/>
  <File Type="REPORTS-TCL" Name="case_parallel_reports.tcl"/>
  <File Type="OPT-DRC" Name="case_parallel_drc_opted.rpt"/>
  <File Type="OPT-HWDEF" Name="case_parallel.hwdef"/>
  <File Type="PWROPT-DCP" Name="case_parallel_pwropt.dcp"/>
  <File Type="PWROPT-DRC" Name="case_parallel_drc_pwropted.rpt"/>
  <File Type="PWROPT-TIMING" Name="case_parallel_timing_summary_pwropted.rpt"/>
  <File Type="PLACE-DCP" Name="case_parallel_placed.dcp"/>
  <File Type="PLACE-IO" Name="case_parallel_io_placed.rpt"/>
  <File Type="PLACE-CLK" Name="case_parallel_clock_utilization_placed.rpt"/>
  <File Type="PLACE-UTIL" Name="case_parallel_utilization_placed.rpt"/>
  <File Type="PLACE-UTIL-PB" Name="case_parallel_utilization_placed.pb"/>
  <File Type="PLACE-CTRL" Name="case_parallel_control_sets_placed.rpt"/>
  <File Type="PLACE-SIMILARITY" Name="case_parallel_incremental_reuse_placed.rpt"/>
  <File Type="PLACE-PRE-SIMILARITY" Name="case_parallel_incremental_reuse_pre_placed.rpt"/>
  <File Type="BG-BGN" Name="case_parallel.bgn"/>
  <File Type="PLACE-TIMING" Name="case_parallel_timing_summary_placed.rpt"/>
  <File Type="POSTPLACE-PWROPT-DCP" Name="case_parallel_postplace_pwropt.dcp"/>
  <File Type="BG-BIN" Name="case_parallel.bin"/>
  <File Type="POSTPLACE-PWROPT-TIMING" Name="case_parallel_timing_summary_postplace_pwropted.rpt"/>
  <File Type="PHYSOPT-DCP" Name="case_parallel_physopt.dcp"/>
  <File Type="PHYSOPT-DRC" Name="case_parallel_drc_physopted.rpt"/>
  <File Type="BITSTR-MSK" Name="case_parallel.msk"/>
  <File Type="PHYSOPT-TIMING" Name="case_parallel_timing_summary_physopted.rpt"/>
  <File Type="ROUTE-ERROR-DCP" Name="case_parallel_routed_error.dcp"/>
  <File Type="ROUTE-DCP" Name="case_parallel_routed.dcp"/>
  <File Type="ROUTE-BLACKBOX-DCP" Name="case_parallel_routed_bb.dcp"/>
  <File Type="ROUTE-DRC" Name="case_parallel_drc_routed.rpt"/>
  <File Type="ROUTE-DRC-PB" Name="case_parallel_drc_routed.pb"/>
  <File Type="BITSTR-LTX" Name="debug_nets.ltx"/>
  <File Type="BITSTR-LTX" Name="case_parallel.ltx"/>
  <File Type="ROUTE-DRC-RPX" Name="case_parallel_drc_routed.rpx"/>
  <File Type="BITSTR-MMI" Name="case_parallel.mmi"/>
  <File Type="ROUTE-METHODOLOGY-DRC" Name="case_parallel_methodology_drc_routed.rpt"/>
  <File Type="ROUTE-METHODOLOGY-DRC-RPX" Name="case_parallel_methodology_drc_routed.rpx"/>
  <File Type="BITSTR-SYSDEF" Name="case_parallel.sysdef"/>
  <File Type="ROUTE-METHODOLOGY-DRC-PB" Name="case_parallel_methodology_drc_routed.pb"/>
  <File Type="ROUTE-PWR-RPX" Name="case_parallel_power_routed.rpx"/>
  <File Type="ROUTE-STATUS" Name="case_parallel_route_status.rpt"/>
  <File Type="ROUTE-STATUS-PB" Name="case_parallel_route_status.pb"/>
  <File Type="ROUTE-TIMINGSUMMARY" Name="case_parallel_timing_summary_routed.rpt"/>
  <File Type="ROUTE-TIMING-PB" Name="case_parallel_timing_summary_routed.pb"/>
  <File Type="ROUTE-TIMING-RPX" Name="case_parallel_timing_summary_routed.rpx"/>
  <File Type="ROUTE-SIMILARITY" Name="case_parallel_incremental_reuse_routed.rpt"/>
  <File Type="ROUTE-CLK" Name="case_parallel_clock_utilization_routed.rpt"/>
  <File Type="ROUTE-BUS-SKEW" Name="case_parallel_bus_skew_routed.rpt"/>
  <File Type="ROUTE-BUS-SKEW-PB" Name="case_parallel_bus_skew_routed.pb"/>
  <File Type="ROUTE-BUS-SKEW-RPX" Name="case_parallel_bus_skew_routed.rpx"/>
  <File Type="POSTROUTE-PHYSOPT-DCP" Name="case_parallel_postroute_physopt.dcp"/>
  <File Type="POSTROUTE-PHYSOPT-BLACKBOX-DCP" Name="case_parallel_postroute_physopt_bb.dcp"/>
  <File Type="POSTROUTE-PHYSOPT-TIMING" Name="case_parallel_timing_summary_postroute_physopted.rpt"/>
  <File Type="POSTROUTE-PHYSOPT-TIMING-PB" Name="case_parallel_timing_summary_postroute_physopted.pb"/>
  <File Type="POSTROUTE-PHYSOPT-TIMING-RPX" Name="case_parallel_timing_summary_postroute_physopted.rpx"/>
  <File Type="POSTROUTE-PHYSOPT-BUS-SKEW" Name="case_parallel_bus_skew_postroute_physopted.rpt"/>
  <File Type="POSTROUTE-PHYSOPT-BUS-SKEW-PB" Name="case_parallel_bus_skew_postroute_physopted.pb"/>
  <File Type="BG-BIT" Name="case_parallel.bit"/>
  <File Type="POSTROUTE-PHYSOPT-BUS-SKEW-RPX" Name="case_parallel_bus_skew_postroute_physopted.rpx"/>
  <File Type="BITSTR-RBT" Name="case_parallel.rbt"/>
  <File Type="BITSTR-NKY" Name="case_parallel.nky"/>
  <File Type="BG-DRC" Name="case_parallel.drc"/>
  <File Type="RDI-RDI" Name="case_parallel.vdi"/>
  <File Type="WBT-USG" Name="usage_statistics_webtalk.html"/>
  <FileSet Name="sources" Type="DesignSrcs" RelSrcDir="$PSRCDIR/sources_1">
    <Filter Type="Srcs"/>
    <File Path="$PSRCDIR/sources_1/imports/2_2_case_Parallel/case_parallel.sv">
      <FileInfo>
        <Attr Name="ImportPath" Val="$PPRDIR/../2_2_case_Parallel/case_parallel.sv"/>
        <Attr Name="ImportTime" Val="1550371022"/>
        <Attr Name="UsedIn" Val="synthesis"/>
        <Attr Name="UsedIn" Val="implementation"/>
        <Attr Name="UsedIn" Val="simulation"/>
      </FileInfo>
    </File>
    <Config>
      <Option Name="DesignMode" Val="RTL"/>
      <Option Name="TopModule" Val="case_parallel"/>
      <Option Name="TopAutoSet" Val="TRUE"/>
    </Config>
  </FileSet>
  <FileSet Name="constrs_in" Type="Constrs" RelSrcDir="$PSRCDIR/constrs_1">
    <Filter Type="Constrs"/>
    <File Path="$PSRCDIR/constrs_1/imports/2_2_case_Parallel/Nexys4DDR_Master.xdc">
      <FileInfo>
        <Attr Name="ImportPath" Val="$PPRDIR/../2_2_case_Parallel/Nexys4DDR_Master.xdc"/>
        <Attr Name="ImportTime" Val="1550344852"/>
        <Attr Name="UsedIn" Val="synthesis"/>
        <Attr Name="UsedIn" Val="implementation"/>
      </FileInfo>
    </File>
    <Config>
      <Option Name="ConstrsType" Val="XDC"/>
    </Config>
  </FileSet>
  <FileSet Name="utils" Type="Utils" RelSrcDir="$PSRCDIR/utils_1">
    <Filter Type="Utils"/>
    <Config>
      <Option Name="TopAutoSet" Val="TRUE"/>
    </Config>
  </FileSet>
  <Strategy Version="1" Minor="2">
    <StratHandle Name="Vivado Implementation Defaults" Flow="Vivado Implementation 2018">
      <Desc>Default settings for Implementation.</Desc>
    </StratHandle>
    <Step Id="init_design"/>
    <Step Id="opt_design"/>
    <Step Id="power_opt_design"/>
    <Step Id="place_design"/>
    <Step Id="post_place_power_opt_design"/>
    <Step Id="phys_opt_design"/>
    <Step Id="route_design"/>
    <Step Id="post_route_phys_opt_design"/>
    <Step Id="write_bitstream"/>
  </Strategy>
</GenRun>
