<?xml version="1.0" encoding="UTF-8"?>
<GenRun Id="impl_1" LaunchPart="xc7a100tcsg324-1" LaunchTime="1550405738">
  <File Type="ROUTE-PWR" Name="ForLoop_power_routed.rpt"/>
  <File Type="PA-TCL" Name="ForLoop.tcl"/>
  <File Type="BITSTR-BMM" Name="ForLoop_bd.bmm"/>
  <File Type="ROUTE-PWR-SUM" Name="ForLoop_power_summary_routed.pb"/>
  <File Type="REPORTS-TCL" Name="ForLoop_reports.tcl"/>
  <File Type="OPT-DCP" Name="ForLoop_opt.dcp"/>
  <File Type="OPT-DRC" Name="ForLoop_drc_opted.rpt"/>
  <File Type="OPT-HWDEF" Name="ForLoop.hwdef"/>
  <File Type="PWROPT-DCP" Name="ForLoop_pwropt.dcp"/>
  <File Type="PLACE-DCP" Name="ForLoop_placed.dcp"/>
  <File Type="PLACE-IO" Name="ForLoop_io_placed.rpt"/>
  <File Type="PLACE-UTIL" Name="ForLoop_utilization_placed.rpt"/>
  <File Type="PLACE-UTIL-PB" Name="ForLoop_utilization_placed.pb"/>
  <File Type="PLACE-CTRL" Name="ForLoop_control_sets_placed.rpt"/>
  <File Type="PLACE-PRE-SIMILARITY" Name="ForLoop_incremental_reuse_pre_placed.rpt"/>
  <File Type="BG-BGN" Name="ForLoop.bgn"/>
  <File Type="POSTPLACE-PWROPT-DCP" Name="ForLoop_postplace_pwropt.dcp"/>
  <File Type="BG-BIN" Name="ForLoop.bin"/>
  <File Type="PHYSOPT-DCP" Name="ForLoop_physopt.dcp"/>
  <File Type="BITSTR-MSK" Name="ForLoop.msk"/>
  <File Type="ROUTE-ERROR-DCP" Name="ForLoop_routed_error.dcp"/>
  <File Type="ROUTE-DCP" Name="ForLoop_routed.dcp"/>
  <File Type="ROUTE-BLACKBOX-DCP" Name="ForLoop_routed_bb.dcp"/>
  <File Type="ROUTE-DRC" Name="ForLoop_drc_routed.rpt"/>
  <File Type="ROUTE-DRC-PB" Name="ForLoop_drc_routed.pb"/>
  <File Type="ROUTE-DRC-RPX" Name="ForLoop_drc_routed.rpx"/>
  <File Type="BITSTR-LTX" Name="ForLoop.ltx"/>
  <File Type="ROUTE-METHODOLOGY-DRC" Name="ForLoop_methodology_drc_routed.rpt"/>
  <File Type="BITSTR-MMI" Name="ForLoop.mmi"/>
  <File Type="ROUTE-METHODOLOGY-DRC-RPX" Name="ForLoop_methodology_drc_routed.rpx"/>
  <File Type="ROUTE-METHODOLOGY-DRC-PB" Name="ForLoop_methodology_drc_routed.pb"/>
  <File Type="BITSTR-SYSDEF" Name="ForLoop.sysdef"/>
  <File Type="ROUTE-PWR-RPX" Name="ForLoop_power_routed.rpx"/>
  <File Type="ROUTE-STATUS" Name="ForLoop_route_status.rpt"/>
  <File Type="ROUTE-STATUS-PB" Name="ForLoop_route_status.pb"/>
  <File Type="ROUTE-TIMINGSUMMARY" Name="ForLoop_timing_summary_routed.rpt"/>
  <File Type="ROUTE-TIMING-PB" Name="ForLoop_timing_summary_routed.pb"/>
  <File Type="ROUTE-TIMING-RPX" Name="ForLoop_timing_summary_routed.rpx"/>
  <File Type="ROUTE-CLK" Name="ForLoop_clock_utilization_routed.rpt"/>
  <File Type="ROUTE-BUS-SKEW" Name="ForLoop_bus_skew_routed.rpt"/>
  <File Type="ROUTE-BUS-SKEW-PB" Name="ForLoop_bus_skew_routed.pb"/>
  <File Type="ROUTE-BUS-SKEW-RPX" Name="ForLoop_bus_skew_routed.rpx"/>
  <File Type="POSTROUTE-PHYSOPT-DCP" Name="ForLoop_postroute_physopt.dcp"/>
  <File Type="POSTROUTE-PHYSOPT-BLACKBOX-DCP" Name="ForLoop_postroute_physopt_bb.dcp"/>
  <File Type="BG-BIT" Name="ForLoop.bit"/>
  <File Type="BITSTR-RBT" Name="ForLoop.rbt"/>
  <File Type="BITSTR-NKY" Name="ForLoop.nky"/>
  <File Type="BG-DRC" Name="ForLoop.drc"/>
  <File Type="RDI-RDI" Name="ForLoop.vdi"/>
  <File Type="WBT-USG" Name="usage_statistics_webtalk.html"/>
  <FileSet Name="sources" Type="DesignSrcs" RelSrcDir="$PSRCDIR/sources_1">
    <Filter Type="Srcs"/>
    <File Path="$PSRCDIR/sources_1/imports/2_3_ForLoop/hexToBCD.sv">
      <FileInfo>
        <Attr Name="ImportPath" Val="$PPRDIR/../2_3_ForLoop/hexToBCD.sv"/>
        <Attr Name="ImportTime" Val="1550314079"/>
        <Attr Name="UsedIn" Val="synthesis"/>
        <Attr Name="UsedIn" Val="implementation"/>
        <Attr Name="UsedIn" Val="simulation"/>
      </FileInfo>
    </File>
    <Config>
      <Option Name="DesignMode" Val="RTL"/>
      <Option Name="TopModule" Val="ForLoop"/>
      <Option Name="TopAutoSet" Val="TRUE"/>
    </Config>
  </FileSet>
  <FileSet Name="constrs_in" Type="Constrs" RelSrcDir="$PSRCDIR/constrs_1">
    <Filter Type="Constrs"/>
    <File Path="$PSRCDIR/constrs_1/imports/2_3_ForLoop/Nexys4DDR_Master.xdc">
      <FileInfo>
        <Attr Name="ImportPath" Val="$PPRDIR/../2_3_ForLoop/Nexys4DDR_Master.xdc"/>
        <Attr Name="ImportTime" Val="1550314079"/>
        <Attr Name="UsedIn" Val="synthesis"/>
        <Attr Name="UsedIn" Val="implementation"/>
      </FileInfo>
    </File>
    <Config>
      <Option Name="ConstrsType" Val="XDC"/>
    </Config>
  </FileSet>
  <FileSet Name="utils" Type="Utils" RelSrcDir="$PSRCDIR/utils_1">
    <Filter Type="Utils"/>
    <Config>
      <Option Name="TopAutoSet" Val="TRUE"/>
    </Config>
  </FileSet>
  <Strategy Version="1" Minor="2">
    <StratHandle Name="Vivado Implementation Defaults" Flow="Vivado Implementation 2018"/>
    <Step Id="init_design"/>
    <Step Id="opt_design"/>
    <Step Id="power_opt_design"/>
    <Step Id="place_design"/>
    <Step Id="post_place_power_opt_design"/>
    <Step Id="phys_opt_design"/>
    <Step Id="route_design"/>
    <Step Id="post_route_phys_opt_design"/>
    <Step Id="write_bitstream"/>
  </Strategy>
</GenRun>
