<?xml version="1.0" encoding="UTF-8"?>
<GenRun Id="impl_1" LaunchPart="xc7a100tcsg324-1" LaunchTime="1551669313">
  <File Type="BITSTR-BMM" Name="CombCheck_bd.bmm"/>
  <File Type="OPT-METHODOLOGY-DRC" Name="CombCheck_methodology_drc_opted.rpt"/>
  <File Type="INIT-TIMING" Name="CombCheck_timing_summary_init.rpt"/>
  <File Type="ROUTE-PWR" Name="CombCheck_power_routed.rpt"/>
  <File Type="PA-TCL" Name="CombCheck.tcl"/>
  <File Type="OPT-TIMING" Name="CombCheck_timing_summary_opted.rpt"/>
  <File Type="OPT-DCP" Name="CombCheck_opt.dcp"/>
  <File Type="ROUTE-PWR-SUM" Name="CombCheck_power_summary_routed.pb"/>
  <File Type="REPORTS-TCL" Name="CombCheck_reports.tcl"/>
  <File Type="OPT-DRC" Name="CombCheck_drc_opted.rpt"/>
  <File Type="OPT-HWDEF" Name="CombCheck.hwdef"/>
  <File Type="PWROPT-DCP" Name="CombCheck_pwropt.dcp"/>
  <File Type="PWROPT-DRC" Name="CombCheck_drc_pwropted.rpt"/>
  <File Type="PWROPT-TIMING" Name="CombCheck_timing_summary_pwropted.rpt"/>
  <File Type="PLACE-DCP" Name="CombCheck_placed.dcp"/>
  <File Type="PLACE-IO" Name="CombCheck_io_placed.rpt"/>
  <File Type="PLACE-CLK" Name="CombCheck_clock_utilization_placed.rpt"/>
  <File Type="PLACE-UTIL" Name="CombCheck_utilization_placed.rpt"/>
  <File Type="PLACE-UTIL-PB" Name="CombCheck_utilization_placed.pb"/>
  <File Type="PLACE-CTRL" Name="CombCheck_control_sets_placed.rpt"/>
  <File Type="PLACE-SIMILARITY" Name="CombCheck_incremental_reuse_placed.rpt"/>
  <File Type="PLACE-PRE-SIMILARITY" Name="CombCheck_incremental_reuse_pre_placed.rpt"/>
  <File Type="BG-BGN" Name="CombCheck.bgn"/>
  <File Type="PLACE-TIMING" Name="CombCheck_timing_summary_placed.rpt"/>
  <File Type="POSTPLACE-PWROPT-DCP" Name="CombCheck_postplace_pwropt.dcp"/>
  <File Type="BG-BIN" Name="CombCheck.bin"/>
  <File Type="POSTPLACE-PWROPT-TIMING" Name="CombCheck_timing_summary_postplace_pwropted.rpt"/>
  <File Type="PHYSOPT-DCP" Name="CombCheck_physopt.dcp"/>
  <File Type="PHYSOPT-DRC" Name="CombCheck_drc_physopted.rpt"/>
  <File Type="BITSTR-MSK" Name="CombCheck.msk"/>
  <File Type="PHYSOPT-TIMING" Name="CombCheck_timing_summary_physopted.rpt"/>
  <File Type="ROUTE-ERROR-DCP" Name="CombCheck_routed_error.dcp"/>
  <File Type="ROUTE-DCP" Name="CombCheck_routed.dcp"/>
  <File Type="ROUTE-BLACKBOX-DCP" Name="CombCheck_routed_bb.dcp"/>
  <File Type="ROUTE-DRC" Name="CombCheck_drc_routed.rpt"/>
  <File Type="ROUTE-DRC-PB" Name="CombCheck_drc_routed.pb"/>
  <File Type="BITSTR-LTX" Name="debug_nets.ltx"/>
  <File Type="BITSTR-LTX" Name="CombCheck.ltx"/>
  <File Type="ROUTE-DRC-RPX" Name="CombCheck_drc_routed.rpx"/>
  <File Type="BITSTR-MMI" Name="CombCheck.mmi"/>
  <File Type="ROUTE-METHODOLOGY-DRC" Name="CombCheck_methodology_drc_routed.rpt"/>
  <File Type="ROUTE-METHODOLOGY-DRC-RPX" Name="CombCheck_methodology_drc_routed.rpx"/>
  <File Type="BITSTR-SYSDEF" Name="CombCheck.sysdef"/>
  <File Type="ROUTE-METHODOLOGY-DRC-PB" Name="CombCheck_methodology_drc_routed.pb"/>
  <File Type="ROUTE-PWR-RPX" Name="CombCheck_power_routed.rpx"/>
  <File Type="ROUTE-STATUS" Name="CombCheck_route_status.rpt"/>
  <File Type="ROUTE-STATUS-PB" Name="CombCheck_route_status.pb"/>
  <File Type="ROUTE-TIMINGSUMMARY" Name="CombCheck_timing_summary_routed.rpt"/>
  <File Type="ROUTE-TIMING-PB" Name="CombCheck_timing_summary_routed.pb"/>
  <File Type="ROUTE-TIMING-RPX" Name="CombCheck_timing_summary_routed.rpx"/>
  <File Type="ROUTE-SIMILARITY" Name="CombCheck_incremental_reuse_routed.rpt"/>
  <File Type="ROUTE-CLK" Name="CombCheck_clock_utilization_routed.rpt"/>
  <File Type="ROUTE-BUS-SKEW" Name="CombCheck_bus_skew_routed.rpt"/>
  <File Type="ROUTE-BUS-SKEW-PB" Name="CombCheck_bus_skew_routed.pb"/>
  <File Type="ROUTE-BUS-SKEW-RPX" Name="CombCheck_bus_skew_routed.rpx"/>
  <File Type="POSTROUTE-PHYSOPT-DCP" Name="CombCheck_postroute_physopt.dcp"/>
  <File Type="POSTROUTE-PHYSOPT-BLACKBOX-DCP" Name="CombCheck_postroute_physopt_bb.dcp"/>
  <File Type="POSTROUTE-PHYSOPT-TIMING" Name="CombCheck_timing_summary_postroute_physopted.rpt"/>
  <File Type="POSTROUTE-PHYSOPT-TIMING-PB" Name="CombCheck_timing_summary_postroute_physopted.pb"/>
  <File Type="POSTROUTE-PHYSOPT-TIMING-RPX" Name="CombCheck_timing_summary_postroute_physopted.rpx"/>
  <File Type="POSTROUTE-PHYSOPT-BUS-SKEW" Name="CombCheck_bus_skew_postroute_physopted.rpt"/>
  <File Type="POSTROUTE-PHYSOPT-BUS-SKEW-PB" Name="CombCheck_bus_skew_postroute_physopted.pb"/>
  <File Type="BG-BIT" Name="CombCheck.bit"/>
  <File Type="POSTROUTE-PHYSOPT-BUS-SKEW-RPX" Name="CombCheck_bus_skew_postroute_physopted.rpx"/>
  <File Type="BITSTR-RBT" Name="CombCheck.rbt"/>
  <File Type="BITSTR-NKY" Name="CombCheck.nky"/>
  <File Type="BG-DRC" Name="CombCheck.drc"/>
  <File Type="RDI-RDI" Name="CombCheck.vdi"/>
  <File Type="WBT-USG" Name="usage_statistics_webtalk.html"/>
  <FileSet Name="sources" Type="DesignSrcs" RelSrcDir="$PSRCDIR/sources_1">
    <Filter Type="Srcs"/>
    <File Path="$PSRCDIR/sources_1/imports/5_ComboLock/CombCheck.v">
      <FileInfo>
        <Attr Name="ImportPath" Val="$PPRDIR/CombCheck.v"/>
        <Attr Name="ImportTime" Val="1551666257"/>
        <Attr Name="UsedIn" Val="synthesis"/>
        <Attr Name="UsedIn" Val="implementation"/>
        <Attr Name="UsedIn" Val="simulation"/>
      </FileInfo>
    </File>
    <Config>
      <Option Name="DesignMode" Val="RTL"/>
      <Option Name="TopModule" Val="CombCheck"/>
      <Option Name="TopAutoSet" Val="TRUE"/>
    </Config>
  </FileSet>
  <FileSet Name="constrs_in" Type="Constrs" RelSrcDir="$PSRCDIR/constrs_1">
    <Filter Type="Constrs"/>
    <File Path="$PSRCDIR/constrs_1/imports/ENES246/Nexys4DDR_Master.xdc">
      <FileInfo>
        <Attr Name="ImportPath" Val="$PPRDIR/../../Nexys4DDR_Master.xdc"/>
        <Attr Name="ImportTime" Val="1551433971"/>
        <Attr Name="UsedIn" Val="synthesis"/>
        <Attr Name="UsedIn" Val="implementation"/>
      </FileInfo>
    </File>
    <Config>
      <Option Name="ConstrsType" Val="XDC"/>
    </Config>
  </FileSet>
  <FileSet Name="utils" Type="Utils" RelSrcDir="$PSRCDIR/utils_1">
    <Filter Type="Utils"/>
    <Config>
      <Option Name="TopAutoSet" Val="TRUE"/>
    </Config>
  </FileSet>
  <Strategy Version="1" Minor="2">
    <StratHandle Name="Vivado Implementation Defaults" Flow="Vivado Implementation 2018"/>
    <Step Id="init_design"/>
    <Step Id="opt_design"/>
    <Step Id="power_opt_design"/>
    <Step Id="place_design"/>
    <Step Id="post_place_power_opt_design"/>
    <Step Id="phys_opt_design"/>
    <Step Id="route_design"/>
    <Step Id="post_route_phys_opt_design"/>
    <Step Id="write_bitstream"/>
  </Strategy>
</GenRun>
