<?xml version="1.0" encoding="UTF-8"?>
<GenRun Id="synth_1" LaunchPart="xc7a100tcsg324-1" LaunchTime="1549372923">
  <File Type="PA-TCL" Name="hexTo7seg.tcl"/>
  <File Type="RDS-PROPCONSTRS" Name="hexTo7seg_drc_synth.rpt"/>
  <File Type="REPORTS-TCL" Name="hexTo7seg_reports.tcl"/>
  <File Type="RDS-RDS" Name="hexTo7seg.vds"/>
  <File Type="RDS-UTIL" Name="hexTo7seg_utilization_synth.rpt"/>
  <File Type="RDS-UTIL-PB" Name="hexTo7seg_utilization_synth.pb"/>
  <File Type="RDS-DCP" Name="hexTo7seg.dcp"/>
  <File Type="VDS-TIMINGSUMMARY" Name="hexTo7seg_timing_summary_synth.rpt"/>
  <File Type="VDS-TIMING-PB" Name="hexTo7seg_timing_summary_synth.pb"/>
  <FileSet Name="sources" Type="DesignSrcs" RelSrcDir="$PSRCDIR/sources_1">
    <Filter Type="Srcs"/>
    <File Path="$PSRCDIR/sources_1/imports/Lab2_3_hexTo7seg/BCDto7SegmentDisplay.v">
      <FileInfo>
        <Attr Name="ImportPath" Val="$PPRDIR/BCDto7SegmentDisplay.v"/>
        <Attr Name="ImportTime" Val="1549306619"/>
        <Attr Name="UsedIn" Val="synthesis"/>
        <Attr Name="UsedIn" Val="implementation"/>
        <Attr Name="UsedIn" Val="simulation"/>
      </FileInfo>
    </File>
    <File Path="$PSRCDIR/sources_1/imports/Lab2_3_hexTo7seg/hexToBCD.v">
      <FileInfo>
        <Attr Name="ImportPath" Val="$PPRDIR/hexToBCD.v"/>
        <Attr Name="ImportTime" Val="1549306619"/>
        <Attr Name="UsedIn" Val="synthesis"/>
        <Attr Name="UsedIn" Val="implementation"/>
        <Attr Name="UsedIn" Val="simulation"/>
      </FileInfo>
    </File>
    <File Path="$PSRCDIR/sources_1/new/hexTo7seg.v">
      <FileInfo>
        <Attr Name="UsedIn" Val="synthesis"/>
        <Attr Name="UsedIn" Val="implementation"/>
        <Attr Name="UsedIn" Val="simulation"/>
      </FileInfo>
    </File>
    <Config>
      <Option Name="DesignMode" Val="RTL"/>
      <Option Name="TopModule" Val="hexTo7seg"/>
    </Config>
  </FileSet>
  <FileSet Name="constrs_in" Type="Constrs" RelSrcDir="$PSRCDIR/constrs_1">
    <Filter Type="Constrs"/>
    <File Path="$PSRCDIR/constrs_1/imports/ENES246/Nexys4DDR_Master.xdc">
      <FileInfo>
        <Attr Name="ImportPath" Val="$PPRDIR/../lab2_2_hexToBCD/lab2_2_hexToBCD.srcs/constrs_1/imports/ENES246/Nexys4DDR_Master.xdc"/>
        <Attr Name="ImportTime" Val="1549306619"/>
        <Attr Name="UsedIn" Val="synthesis"/>
        <Attr Name="UsedIn" Val="implementation"/>
      </FileInfo>
    </File>
    <Config>
      <Option Name="ConstrsType" Val="XDC"/>
    </Config>
  </FileSet>
  <FileSet Name="utils" Type="Utils" RelSrcDir="$PSRCDIR/utils_1">
    <Filter Type="Utils"/>
    <Config>
      <Option Name="TopAutoSet" Val="TRUE"/>
    </Config>
  </FileSet>
  <Strategy Version="1" Minor="2">
    <StratHandle Name="Vivado Synthesis Defaults" Flow="Vivado Synthesis 2018"/>
    <Step Id="synth_design"/>
  </Strategy>
</GenRun>
