<?xml version="1.0" encoding="UTF-8"?>
<GenRun Id="impl_1" LaunchPart="xc7a100tcsg324-1" LaunchTime="1553271537">
  <File Type="BITSTR-BMM" Name="wobblyRing_bd.bmm"/>
  <File Type="OPT-METHODOLOGY-DRC" Name="wobblyRing_methodology_drc_opted.rpt"/>
  <File Type="INIT-TIMING" Name="wobblyRing_timing_summary_init.rpt"/>
  <File Type="ROUTE-PWR" Name="wobblyRing_power_routed.rpt"/>
  <File Type="PA-TCL" Name="wobblyRing.tcl"/>
  <File Type="OPT-TIMING" Name="wobblyRing_timing_summary_opted.rpt"/>
  <File Type="OPT-DCP" Name="wobblyRing_opt.dcp"/>
  <File Type="ROUTE-PWR-SUM" Name="wobblyRing_power_summary_routed.pb"/>
  <File Type="REPORTS-TCL" Name="wobblyRing_reports.tcl"/>
  <File Type="OPT-DRC" Name="wobblyRing_drc_opted.rpt"/>
  <File Type="OPT-HWDEF" Name="wobblyRing.hwdef"/>
  <File Type="PWROPT-DCP" Name="wobblyRing_pwropt.dcp"/>
  <File Type="PWROPT-DRC" Name="wobblyRing_drc_pwropted.rpt"/>
  <File Type="PWROPT-TIMING" Name="wobblyRing_timing_summary_pwropted.rpt"/>
  <File Type="PLACE-DCP" Name="wobblyRing_placed.dcp"/>
  <File Type="PLACE-IO" Name="wobblyRing_io_placed.rpt"/>
  <File Type="PLACE-CLK" Name="wobblyRing_clock_utilization_placed.rpt"/>
  <File Type="PLACE-UTIL" Name="wobblyRing_utilization_placed.rpt"/>
  <File Type="PLACE-UTIL-PB" Name="wobblyRing_utilization_placed.pb"/>
  <File Type="PLACE-CTRL" Name="wobblyRing_control_sets_placed.rpt"/>
  <File Type="PLACE-SIMILARITY" Name="wobblyRing_incremental_reuse_placed.rpt"/>
  <File Type="PLACE-PRE-SIMILARITY" Name="wobblyRing_incremental_reuse_pre_placed.rpt"/>
  <File Type="BG-BGN" Name="wobblyRing.bgn"/>
  <File Type="PLACE-TIMING" Name="wobblyRing_timing_summary_placed.rpt"/>
  <File Type="POSTPLACE-PWROPT-DCP" Name="wobblyRing_postplace_pwropt.dcp"/>
  <File Type="BG-BIN" Name="wobblyRing.bin"/>
  <File Type="POSTPLACE-PWROPT-TIMING" Name="wobblyRing_timing_summary_postplace_pwropted.rpt"/>
  <File Type="PHYSOPT-DCP" Name="wobblyRing_physopt.dcp"/>
  <File Type="PHYSOPT-DRC" Name="wobblyRing_drc_physopted.rpt"/>
  <File Type="BITSTR-MSK" Name="wobblyRing.msk"/>
  <File Type="PHYSOPT-TIMING" Name="wobblyRing_timing_summary_physopted.rpt"/>
  <File Type="ROUTE-ERROR-DCP" Name="wobblyRing_routed_error.dcp"/>
  <File Type="ROUTE-DCP" Name="wobblyRing_routed.dcp"/>
  <File Type="ROUTE-BLACKBOX-DCP" Name="wobblyRing_routed_bb.dcp"/>
  <File Type="ROUTE-DRC" Name="wobblyRing_drc_routed.rpt"/>
  <File Type="ROUTE-DRC-PB" Name="wobblyRing_drc_routed.pb"/>
  <File Type="BITSTR-LTX" Name="debug_nets.ltx"/>
  <File Type="BITSTR-LTX" Name="wobblyRing.ltx"/>
  <File Type="ROUTE-DRC-RPX" Name="wobblyRing_drc_routed.rpx"/>
  <File Type="BITSTR-MMI" Name="wobblyRing.mmi"/>
  <File Type="ROUTE-METHODOLOGY-DRC" Name="wobblyRing_methodology_drc_routed.rpt"/>
  <File Type="ROUTE-METHODOLOGY-DRC-RPX" Name="wobblyRing_methodology_drc_routed.rpx"/>
  <File Type="BITSTR-SYSDEF" Name="wobblyRing.sysdef"/>
  <File Type="ROUTE-METHODOLOGY-DRC-PB" Name="wobblyRing_methodology_drc_routed.pb"/>
  <File Type="ROUTE-PWR-RPX" Name="wobblyRing_power_routed.rpx"/>
  <File Type="ROUTE-STATUS" Name="wobblyRing_route_status.rpt"/>
  <File Type="ROUTE-STATUS-PB" Name="wobblyRing_route_status.pb"/>
  <File Type="ROUTE-TIMINGSUMMARY" Name="wobblyRing_timing_summary_routed.rpt"/>
  <File Type="ROUTE-TIMING-PB" Name="wobblyRing_timing_summary_routed.pb"/>
  <File Type="ROUTE-TIMING-RPX" Name="wobblyRing_timing_summary_routed.rpx"/>
  <File Type="ROUTE-SIMILARITY" Name="wobblyRing_incremental_reuse_routed.rpt"/>
  <File Type="ROUTE-CLK" Name="wobblyRing_clock_utilization_routed.rpt"/>
  <File Type="ROUTE-BUS-SKEW" Name="wobblyRing_bus_skew_routed.rpt"/>
  <File Type="ROUTE-BUS-SKEW-PB" Name="wobblyRing_bus_skew_routed.pb"/>
  <File Type="ROUTE-BUS-SKEW-RPX" Name="wobblyRing_bus_skew_routed.rpx"/>
  <File Type="POSTROUTE-PHYSOPT-DCP" Name="wobblyRing_postroute_physopt.dcp"/>
  <File Type="POSTROUTE-PHYSOPT-BLACKBOX-DCP" Name="wobblyRing_postroute_physopt_bb.dcp"/>
  <File Type="POSTROUTE-PHYSOPT-TIMING" Name="wobblyRing_timing_summary_postroute_physopted.rpt"/>
  <File Type="POSTROUTE-PHYSOPT-TIMING-PB" Name="wobblyRing_timing_summary_postroute_physopted.pb"/>
  <File Type="POSTROUTE-PHYSOPT-TIMING-RPX" Name="wobblyRing_timing_summary_postroute_physopted.rpx"/>
  <File Type="POSTROUTE-PHYSOPT-BUS-SKEW" Name="wobblyRing_bus_skew_postroute_physopted.rpt"/>
  <File Type="POSTROUTE-PHYSOPT-BUS-SKEW-PB" Name="wobblyRing_bus_skew_postroute_physopted.pb"/>
  <File Type="BG-BIT" Name="wobblyRing.bit"/>
  <File Type="POSTROUTE-PHYSOPT-BUS-SKEW-RPX" Name="wobblyRing_bus_skew_postroute_physopted.rpx"/>
  <File Type="BITSTR-RBT" Name="wobblyRing.rbt"/>
  <File Type="BITSTR-NKY" Name="wobblyRing.nky"/>
  <File Type="BG-DRC" Name="wobblyRing.drc"/>
  <File Type="RDI-RDI" Name="wobblyRing.vdi"/>
  <File Type="WBT-USG" Name="usage_statistics_webtalk.html"/>
  <FileSet Name="sources" Type="DesignSrcs" RelSrcDir="$PSRCDIR/sources_1">
    <Filter Type="Srcs"/>
    <File Path="$PSRCDIR/sources_1/new/FourWideMux.sv">
      <FileInfo>
        <Attr Name="ImportPath" Val="$PPRDIR/../3_CombinatoryLoops/4wideMux.srcs/sources_1/new/FourWideMux.sv"/>
        <Attr Name="ImportTime" Val="1551652130"/>
        <Attr Name="UsedIn" Val="synthesis"/>
        <Attr Name="UsedIn" Val="implementation"/>
        <Attr Name="UsedIn" Val="simulation"/>
      </FileInfo>
    </File>
    <Config>
      <Option Name="DesignMode" Val="RTL"/>
      <Option Name="TopModule" Val="wobblyRing"/>
      <Option Name="TopAutoSet" Val="TRUE"/>
    </Config>
  </FileSet>
  <FileSet Name="constrs_in" Type="Constrs" RelSrcDir="$PSRCDIR/constrs_1">
    <Filter Type="Constrs"/>
    <File Path="$PSRCDIR/constrs_1/imports/4_ComboLockASN/Nexys4DDR_Master.xdc">
      <FileInfo>
        <Attr Name="ImportPath" Val="$PPRDIR/../3_CombinatoryLoops/Nexys4DDR_Master.xdc"/>
        <Attr Name="ImportTime" Val="1551433971"/>
        <Attr Name="UsedIn" Val="synthesis"/>
        <Attr Name="UsedIn" Val="implementation"/>
      </FileInfo>
    </File>
    <Config>
      <Option Name="ConstrsType" Val="XDC"/>
    </Config>
  </FileSet>
  <FileSet Name="utils" Type="Utils" RelSrcDir="$PSRCDIR/utils_1">
    <Filter Type="Utils"/>
    <Config>
      <Option Name="TopAutoSet" Val="TRUE"/>
    </Config>
  </FileSet>
  <Strategy Version="1" Minor="2">
    <StratHandle Name="Vivado Implementation Defaults" Flow="Vivado Implementation 2018"/>
    <Step Id="init_design"/>
    <Step Id="opt_design"/>
    <Step Id="power_opt_design"/>
    <Step Id="place_design"/>
    <Step Id="post_place_power_opt_design"/>
    <Step Id="phys_opt_design"/>
    <Step Id="route_design"/>
    <Step Id="post_route_phys_opt_design"/>
    <Step Id="write_bitstream"/>
  </Strategy>
</GenRun>
