<?xml version="1.0" encoding="UTF-8"?>
<GenRun Id="impl_1" LaunchPart="xc7a100tcsg324-1" LaunchTime="1557507737">
  <File Type="BITSTR-BMM" Name="TopRGB_bd.bmm"/>
  <File Type="OPT-METHODOLOGY-DRC" Name="TopRGB_methodology_drc_opted.rpt"/>
  <File Type="INIT-TIMING" Name="TopRGB_timing_summary_init.rpt"/>
  <File Type="ROUTE-PWR" Name="TopRGB_power_routed.rpt"/>
  <File Type="PA-TCL" Name="TopRGB.tcl"/>
  <File Type="OPT-TIMING" Name="TopRGB_timing_summary_opted.rpt"/>
  <File Type="OPT-DCP" Name="TopRGB_opt.dcp"/>
  <File Type="ROUTE-PWR-SUM" Name="TopRGB_power_summary_routed.pb"/>
  <File Type="REPORTS-TCL" Name="TopRGB_reports.tcl"/>
  <File Type="OPT-DRC" Name="TopRGB_drc_opted.rpt"/>
  <File Type="OPT-HWDEF" Name="TopRGB.hwdef"/>
  <File Type="PWROPT-DCP" Name="TopRGB_pwropt.dcp"/>
  <File Type="PWROPT-DRC" Name="TopRGB_drc_pwropted.rpt"/>
  <File Type="PWROPT-TIMING" Name="TopRGB_timing_summary_pwropted.rpt"/>
  <File Type="PLACE-DCP" Name="TopRGB_placed.dcp"/>
  <File Type="PLACE-IO" Name="TopRGB_io_placed.rpt"/>
  <File Type="PLACE-CLK" Name="TopRGB_clock_utilization_placed.rpt"/>
  <File Type="PLACE-UTIL" Name="TopRGB_utilization_placed.rpt"/>
  <File Type="PLACE-UTIL-PB" Name="TopRGB_utilization_placed.pb"/>
  <File Type="PLACE-CTRL" Name="TopRGB_control_sets_placed.rpt"/>
  <File Type="PLACE-SIMILARITY" Name="TopRGB_incremental_reuse_placed.rpt"/>
  <File Type="PLACE-PRE-SIMILARITY" Name="TopRGB_incremental_reuse_pre_placed.rpt"/>
  <File Type="BG-BGN" Name="TopRGB.bgn"/>
  <File Type="PLACE-TIMING" Name="TopRGB_timing_summary_placed.rpt"/>
  <File Type="POSTPLACE-PWROPT-DCP" Name="TopRGB_postplace_pwropt.dcp"/>
  <File Type="BG-BIN" Name="TopRGB.bin"/>
  <File Type="POSTPLACE-PWROPT-TIMING" Name="TopRGB_timing_summary_postplace_pwropted.rpt"/>
  <File Type="PHYSOPT-DCP" Name="TopRGB_physopt.dcp"/>
  <File Type="PHYSOPT-DRC" Name="TopRGB_drc_physopted.rpt"/>
  <File Type="BITSTR-MSK" Name="TopRGB.msk"/>
  <File Type="PHYSOPT-TIMING" Name="TopRGB_timing_summary_physopted.rpt"/>
  <File Type="ROUTE-ERROR-DCP" Name="TopRGB_routed_error.dcp"/>
  <File Type="ROUTE-DCP" Name="TopRGB_routed.dcp"/>
  <File Type="ROUTE-BLACKBOX-DCP" Name="TopRGB_routed_bb.dcp"/>
  <File Type="ROUTE-DRC" Name="TopRGB_drc_routed.rpt"/>
  <File Type="ROUTE-DRC-PB" Name="TopRGB_drc_routed.pb"/>
  <File Type="BITSTR-LTX" Name="debug_nets.ltx"/>
  <File Type="BITSTR-LTX" Name="TopRGB.ltx"/>
  <File Type="ROUTE-DRC-RPX" Name="TopRGB_drc_routed.rpx"/>
  <File Type="BITSTR-MMI" Name="TopRGB.mmi"/>
  <File Type="ROUTE-METHODOLOGY-DRC" Name="TopRGB_methodology_drc_routed.rpt"/>
  <File Type="ROUTE-METHODOLOGY-DRC-RPX" Name="TopRGB_methodology_drc_routed.rpx"/>
  <File Type="BITSTR-SYSDEF" Name="TopRGB.sysdef"/>
  <File Type="ROUTE-METHODOLOGY-DRC-PB" Name="TopRGB_methodology_drc_routed.pb"/>
  <File Type="ROUTE-PWR-RPX" Name="TopRGB_power_routed.rpx"/>
  <File Type="ROUTE-STATUS" Name="TopRGB_route_status.rpt"/>
  <File Type="ROUTE-STATUS-PB" Name="TopRGB_route_status.pb"/>
  <File Type="ROUTE-TIMINGSUMMARY" Name="TopRGB_timing_summary_routed.rpt"/>
  <File Type="ROUTE-TIMING-PB" Name="TopRGB_timing_summary_routed.pb"/>
  <File Type="ROUTE-TIMING-RPX" Name="TopRGB_timing_summary_routed.rpx"/>
  <File Type="ROUTE-SIMILARITY" Name="TopRGB_incremental_reuse_routed.rpt"/>
  <File Type="ROUTE-CLK" Name="TopRGB_clock_utilization_routed.rpt"/>
  <File Type="ROUTE-BUS-SKEW" Name="TopRGB_bus_skew_routed.rpt"/>
  <File Type="ROUTE-BUS-SKEW-PB" Name="TopRGB_bus_skew_routed.pb"/>
  <File Type="ROUTE-BUS-SKEW-RPX" Name="TopRGB_bus_skew_routed.rpx"/>
  <File Type="POSTROUTE-PHYSOPT-DCP" Name="TopRGB_postroute_physopt.dcp"/>
  <File Type="POSTROUTE-PHYSOPT-BLACKBOX-DCP" Name="TopRGB_postroute_physopt_bb.dcp"/>
  <File Type="POSTROUTE-PHYSOPT-TIMING" Name="TopRGB_timing_summary_postroute_physopted.rpt"/>
  <File Type="POSTROUTE-PHYSOPT-TIMING-PB" Name="TopRGB_timing_summary_postroute_physopted.pb"/>
  <File Type="POSTROUTE-PHYSOPT-TIMING-RPX" Name="TopRGB_timing_summary_postroute_physopted.rpx"/>
  <File Type="POSTROUTE-PHYSOPT-BUS-SKEW" Name="TopRGB_bus_skew_postroute_physopted.rpt"/>
  <File Type="POSTROUTE-PHYSOPT-BUS-SKEW-PB" Name="TopRGB_bus_skew_postroute_physopted.pb"/>
  <File Type="BG-BIT" Name="TopRGB.bit"/>
  <File Type="POSTROUTE-PHYSOPT-BUS-SKEW-RPX" Name="TopRGB_bus_skew_postroute_physopted.rpx"/>
  <File Type="BITSTR-RBT" Name="TopRGB.rbt"/>
  <File Type="BITSTR-NKY" Name="TopRGB.nky"/>
  <File Type="BG-DRC" Name="TopRGB.drc"/>
  <File Type="RDI-RDI" Name="TopRGB.vdi"/>
  <File Type="WBT-USG" Name="usage_statistics_webtalk.html"/>
  <FileSet Name="sources" Type="DesignSrcs" RelSrcDir="$PSRCDIR/sources_1">
    <Filter Type="Srcs"/>
    <File Path="$PSRCDIR/sources_1/new/PwmBlue.vhd">
      <FileInfo>
        <Attr Name="UsedIn" Val="synthesis"/>
        <Attr Name="UsedIn" Val="simulation"/>
      </FileInfo>
    </File>
    <File Path="$PSRCDIR/sources_1/new/TopRGB.v">
      <FileInfo>
        <Attr Name="UsedIn" Val="synthesis"/>
        <Attr Name="UsedIn" Val="implementation"/>
        <Attr Name="UsedIn" Val="simulation"/>
      </FileInfo>
    </File>
    <File Path="$PSRCDIR/sources_1/new/Btn1.vhd">
      <FileInfo>
        <Attr Name="AutoDisabled" Val="1"/>
        <Attr Name="UsedIn" Val="synthesis"/>
        <Attr Name="UsedIn" Val="simulation"/>
      </FileInfo>
    </File>
    <Config>
      <Option Name="DesignMode" Val="RTL"/>
      <Option Name="TopModule" Val="TopRGB"/>
    </Config>
  </FileSet>
  <FileSet Name="constrs_in" Type="Constrs" RelSrcDir="$PSRCDIR/constrs_1">
    <Filter Type="Constrs"/>
    <File Path="$PPRDIR/../../../../../../Nexys4DDR_Master.xdc">
      <FileInfo>
        <Attr Name="UsedIn" Val="synthesis"/>
        <Attr Name="UsedIn" Val="implementation"/>
      </FileInfo>
    </File>
    <Config>
      <Option Name="ConstrsType" Val="XDC"/>
    </Config>
  </FileSet>
  <FileSet Name="utils" Type="Utils" RelSrcDir="$PSRCDIR/utils_1">
    <Filter Type="Utils"/>
    <Config>
      <Option Name="TopAutoSet" Val="TRUE"/>
    </Config>
  </FileSet>
  <Strategy Version="1" Minor="2">
    <StratHandle Name="Vivado Implementation Defaults" Flow="Vivado Implementation 2018">
      <Desc>Default settings for Implementation.</Desc>
    </StratHandle>
    <Step Id="init_design"/>
    <Step Id="opt_design"/>
    <Step Id="power_opt_design"/>
    <Step Id="place_design"/>
    <Step Id="post_place_power_opt_design"/>
    <Step Id="phys_opt_design"/>
    <Step Id="route_design"/>
    <Step Id="post_route_phys_opt_design"/>
    <Step Id="write_bitstream"/>
  </Strategy>
</GenRun>
