<?xml version="1.0" encoding="UTF-8"?>
<GenRun Id="impl_1" LaunchPart="xc7a100tcsg324-1" LaunchTime="1550317610">
  <File Type="BITSTR-BMM" Name="HelloWorld_bd.bmm"/>
  <File Type="OPT-METHODOLOGY-DRC" Name="HelloWorld_methodology_drc_opted.rpt"/>
  <File Type="INIT-TIMING" Name="HelloWorld_timing_summary_init.rpt"/>
  <File Type="ROUTE-PWR" Name="HelloWorld_power_routed.rpt"/>
  <File Type="PA-TCL" Name="HelloWorld.tcl"/>
  <File Type="OPT-TIMING" Name="HelloWorld_timing_summary_opted.rpt"/>
  <File Type="OPT-DCP" Name="HelloWorld_opt.dcp"/>
  <File Type="ROUTE-PWR-SUM" Name="HelloWorld_power_summary_routed.pb"/>
  <File Type="REPORTS-TCL" Name="HelloWorld_reports.tcl"/>
  <File Type="OPT-DRC" Name="HelloWorld_drc_opted.rpt"/>
  <File Type="OPT-HWDEF" Name="HelloWorld.hwdef"/>
  <File Type="PWROPT-DCP" Name="HelloWorld_pwropt.dcp"/>
  <File Type="PWROPT-DRC" Name="HelloWorld_drc_pwropted.rpt"/>
  <File Type="PWROPT-TIMING" Name="HelloWorld_timing_summary_pwropted.rpt"/>
  <File Type="PLACE-DCP" Name="HelloWorld_placed.dcp"/>
  <File Type="PLACE-IO" Name="HelloWorld_io_placed.rpt"/>
  <File Type="PLACE-CLK" Name="HelloWorld_clock_utilization_placed.rpt"/>
  <File Type="PLACE-UTIL" Name="HelloWorld_utilization_placed.rpt"/>
  <File Type="PLACE-UTIL-PB" Name="HelloWorld_utilization_placed.pb"/>
  <File Type="PLACE-CTRL" Name="HelloWorld_control_sets_placed.rpt"/>
  <File Type="PLACE-SIMILARITY" Name="HelloWorld_incremental_reuse_placed.rpt"/>
  <File Type="PLACE-PRE-SIMILARITY" Name="HelloWorld_incremental_reuse_pre_placed.rpt"/>
  <File Type="BG-BGN" Name="HelloWorld.bgn"/>
  <File Type="PLACE-TIMING" Name="HelloWorld_timing_summary_placed.rpt"/>
  <File Type="POSTPLACE-PWROPT-DCP" Name="HelloWorld_postplace_pwropt.dcp"/>
  <File Type="BG-BIN" Name="HelloWorld.bin"/>
  <File Type="POSTPLACE-PWROPT-TIMING" Name="HelloWorld_timing_summary_postplace_pwropted.rpt"/>
  <File Type="PHYSOPT-DCP" Name="HelloWorld_physopt.dcp"/>
  <File Type="PHYSOPT-DRC" Name="HelloWorld_drc_physopted.rpt"/>
  <File Type="BITSTR-MSK" Name="HelloWorld.msk"/>
  <File Type="PHYSOPT-TIMING" Name="HelloWorld_timing_summary_physopted.rpt"/>
  <File Type="ROUTE-ERROR-DCP" Name="HelloWorld_routed_error.dcp"/>
  <File Type="ROUTE-DCP" Name="HelloWorld_routed.dcp"/>
  <File Type="ROUTE-BLACKBOX-DCP" Name="HelloWorld_routed_bb.dcp"/>
  <File Type="ROUTE-DRC" Name="HelloWorld_drc_routed.rpt"/>
  <File Type="ROUTE-DRC-PB" Name="HelloWorld_drc_routed.pb"/>
  <File Type="BITSTR-LTX" Name="debug_nets.ltx"/>
  <File Type="BITSTR-LTX" Name="HelloWorld.ltx"/>
  <File Type="ROUTE-DRC-RPX" Name="HelloWorld_drc_routed.rpx"/>
  <File Type="BITSTR-MMI" Name="HelloWorld.mmi"/>
  <File Type="ROUTE-METHODOLOGY-DRC" Name="HelloWorld_methodology_drc_routed.rpt"/>
  <File Type="ROUTE-METHODOLOGY-DRC-RPX" Name="HelloWorld_methodology_drc_routed.rpx"/>
  <File Type="BITSTR-SYSDEF" Name="HelloWorld.sysdef"/>
  <File Type="ROUTE-METHODOLOGY-DRC-PB" Name="HelloWorld_methodology_drc_routed.pb"/>
  <File Type="ROUTE-PWR-RPX" Name="HelloWorld_power_routed.rpx"/>
  <File Type="ROUTE-STATUS" Name="HelloWorld_route_status.rpt"/>
  <File Type="ROUTE-STATUS-PB" Name="HelloWorld_route_status.pb"/>
  <File Type="ROUTE-TIMINGSUMMARY" Name="HelloWorld_timing_summary_routed.rpt"/>
  <File Type="ROUTE-TIMING-PB" Name="HelloWorld_timing_summary_routed.pb"/>
  <File Type="ROUTE-TIMING-RPX" Name="HelloWorld_timing_summary_routed.rpx"/>
  <File Type="ROUTE-SIMILARITY" Name="HelloWorld_incremental_reuse_routed.rpt"/>
  <File Type="ROUTE-CLK" Name="HelloWorld_clock_utilization_routed.rpt"/>
  <File Type="ROUTE-BUS-SKEW" Name="HelloWorld_bus_skew_routed.rpt"/>
  <File Type="ROUTE-BUS-SKEW-PB" Name="HelloWorld_bus_skew_routed.pb"/>
  <File Type="ROUTE-BUS-SKEW-RPX" Name="HelloWorld_bus_skew_routed.rpx"/>
  <File Type="POSTROUTE-PHYSOPT-DCP" Name="HelloWorld_postroute_physopt.dcp"/>
  <File Type="POSTROUTE-PHYSOPT-BLACKBOX-DCP" Name="HelloWorld_postroute_physopt_bb.dcp"/>
  <File Type="POSTROUTE-PHYSOPT-TIMING" Name="HelloWorld_timing_summary_postroute_physopted.rpt"/>
  <File Type="POSTROUTE-PHYSOPT-TIMING-PB" Name="HelloWorld_timing_summary_postroute_physopted.pb"/>
  <File Type="POSTROUTE-PHYSOPT-TIMING-RPX" Name="HelloWorld_timing_summary_postroute_physopted.rpx"/>
  <File Type="POSTROUTE-PHYSOPT-BUS-SKEW" Name="HelloWorld_bus_skew_postroute_physopted.rpt"/>
  <File Type="POSTROUTE-PHYSOPT-BUS-SKEW-PB" Name="HelloWorld_bus_skew_postroute_physopted.pb"/>
  <File Type="BG-BIT" Name="HelloWorld.bit"/>
  <File Type="POSTROUTE-PHYSOPT-BUS-SKEW-RPX" Name="HelloWorld_bus_skew_postroute_physopted.rpx"/>
  <File Type="BITSTR-RBT" Name="HelloWorld.rbt"/>
  <File Type="BITSTR-NKY" Name="HelloWorld.nky"/>
  <File Type="BG-DRC" Name="HelloWorld.drc"/>
  <File Type="RDI-RDI" Name="HelloWorld.vdi"/>
  <File Type="WBT-USG" Name="usage_statistics_webtalk.html"/>
  <FileSet Name="sources" Type="DesignSrcs" RelSrcDir="$PSRCDIR/sources_1">
    <Filter Type="Srcs"/>
    <File Path="$PSRCDIR/sources_1/new/0_1_HelloWorld.v">
      <FileInfo>
        <Attr Name="UsedIn" Val="synthesis"/>
        <Attr Name="UsedIn" Val="implementation"/>
        <Attr Name="UsedIn" Val="simulation"/>
      </FileInfo>
    </File>
    <Config>
      <Option Name="DesignMode" Val="RTL"/>
      <Option Name="TopModule" Val="HelloWorld"/>
      <Option Name="TopAutoSet" Val="TRUE"/>
    </Config>
  </FileSet>
  <FileSet Name="constrs_in" Type="Constrs" RelSrcDir="$PSRCDIR/constrs_1">
    <Filter Type="Constrs"/>
    <File Path="$PSRCDIR/constrs_1/imports/4_clockTest/Nexys4DDR_Master.xdc">
      <FileInfo>
        <Attr Name="ImportPath" Val="$PPRDIR/../../ENES247/lab3-ReusableBCDhex7segDisplayCode/4_clockTest/Nexys4DDR_Master.xdc"/>
        <Attr Name="ImportTime" Val="1550216488"/>
        <Attr Name="UsedIn" Val="synthesis"/>
        <Attr Name="UsedIn" Val="implementation"/>
      </FileInfo>
    </File>
    <Config>
      <Option Name="ConstrsType" Val="XDC"/>
    </Config>
  </FileSet>
  <FileSet Name="utils" Type="Utils" RelSrcDir="$PSRCDIR/utils_1">
    <Filter Type="Utils"/>
    <Config>
      <Option Name="TopAutoSet" Val="TRUE"/>
    </Config>
  </FileSet>
  <Strategy Version="1" Minor="2">
    <StratHandle Name="Vivado Implementation Defaults" Flow="Vivado Implementation 2018"/>
    <Step Id="init_design"/>
    <Step Id="opt_design"/>
    <Step Id="power_opt_design"/>
    <Step Id="place_design"/>
    <Step Id="post_place_power_opt_design"/>
    <Step Id="phys_opt_design"/>
    <Step Id="route_design"/>
    <Step Id="post_route_phys_opt_design"/>
    <Step Id="write_bitstream"/>
  </Strategy>
</GenRun>
