<?xml version="1.0" encoding="UTF-8"?>
<GenRun Id="synth_1" LaunchPart="xc7a100tcsg324-1" LaunchTime="1540418015">
  <File Type="PA-TCL" Name="simpleRing.tcl"/>
  <File Type="RDS-PROPCONSTRS" Name="simpleRing_drc_synth.rpt"/>
  <File Type="REPORTS-TCL" Name="simpleRing_reports.tcl"/>
  <File Type="RDS-RDS" Name="simpleRing.vds"/>
  <File Type="RDS-UTIL" Name="simpleRing_utilization_synth.rpt"/>
  <File Type="RDS-UTIL-PB" Name="simpleRing_utilization_synth.pb"/>
  <File Type="RDS-DCP" Name="simpleRing.dcp"/>
  <File Type="VDS-TIMINGSUMMARY" Name="simpleRing_timing_summary_synth.rpt"/>
  <File Type="VDS-TIMING-PB" Name="simpleRing_timing_summary_synth.pb"/>
  <FileSet Name="sources" Type="DesignSrcs" RelSrcDir="$PSRCDIR/sources_1">
    <Filter Type="Srcs"/>
    <File Path="$PSRCDIR/sources_1/new/simpleRing.v">
      <FileInfo>
        <Attr Name="UsedIn" Val="synthesis"/>
        <Attr Name="UsedIn" Val="implementation"/>
        <Attr Name="UsedIn" Val="simulation"/>
      </FileInfo>
    </File>
    <Config>
      <Option Name="DesignMode" Val="RTL"/>
      <Option Name="TopModule" Val="simpleRing"/>
      <Option Name="TopAutoSet" Val="TRUE"/>
    </Config>
  </FileSet>
  <FileSet Name="constrs_in" Type="Constrs" RelSrcDir="$PSRCDIR/constrs_1">
    <Filter Type="Constrs"/>
    <File Path="$PSRCDIR/constrs_1/imports/simpleRing/Nexys4DDR_Master.xdc">
      <FileInfo>
        <Attr Name="ImportPath" Val="$PPRDIR/Nexys4DDR_Master.xdc"/>
        <Attr Name="ImportTime" Val="1539802001"/>
        <Attr Name="UsedIn" Val="synthesis"/>
        <Attr Name="UsedIn" Val="implementation"/>
      </FileInfo>
    </File>
    <Config>
      <Option Name="ConstrsType" Val="XDC"/>
    </Config>
  </FileSet>
  <Strategy Version="1" Minor="2">
    <StratHandle Name="Vivado Synthesis Defaults" Flow="Vivado Synthesis 2018"/>
    <Step Id="synth_design"/>
  </Strategy>
</GenRun>
