<?xml version="1.0" encoding="UTF-8"?>
<GenRun Id="synth_1" LaunchPart="xc7a100tcsg324-1" LaunchTime="1550418850">
  <File Type="PA-TCL" Name="Binary_to_BCD.tcl"/>
  <File Type="REPORTS-TCL" Name="Binary_to_BCD_reports.tcl"/>
  <File Type="RDS-RDS" Name="Binary_to_BCD.vds"/>
  <File Type="RDS-UTIL" Name="Binary_to_BCD_utilization_synth.rpt"/>
  <File Type="RDS-UTIL-PB" Name="Binary_to_BCD_utilization_synth.pb"/>
  <File Type="RDS-DCP" Name="Binary_to_BCD.dcp"/>
  <FileSet Name="sources" Type="DesignSrcs" RelSrcDir="$PSRCDIR/sources_1">
    <Filter Type="Srcs"/>
    <File Path="$PSRCDIR/sources_1/imports/2_3_ForLoop/hexToBCD.sv">
      <FileInfo>
        <Attr Name="ImportPath" Val="$PPRDIR/../2_3_ForLoop/hexToBCD.sv"/>
        <Attr Name="ImportTime" Val="1550314079"/>
        <Attr Name="UsedIn" Val="synthesis"/>
        <Attr Name="UsedIn" Val="implementation"/>
        <Attr Name="UsedIn" Val="simulation"/>
      </FileInfo>
    </File>
    <Config>
      <Option Name="DesignMode" Val="RTL"/>
      <Option Name="TopModule" Val="Binary_to_BCD"/>
      <Option Name="TopAutoSet" Val="TRUE"/>
    </Config>
  </FileSet>
  <FileSet Name="constrs_in" Type="Constrs" RelSrcDir="$PSRCDIR/constrs_1">
    <Filter Type="Constrs"/>
    <File Path="$PSRCDIR/constrs_1/imports/2_3_ForLoop/Nexys4DDR_Master.xdc">
      <FileInfo>
        <Attr Name="ImportPath" Val="$PPRDIR/../2_3_ForLoop/Nexys4DDR_Master.xdc"/>
        <Attr Name="ImportTime" Val="1550314079"/>
        <Attr Name="UsedIn" Val="synthesis"/>
        <Attr Name="UsedIn" Val="implementation"/>
      </FileInfo>
    </File>
    <Config>
      <Option Name="ConstrsType" Val="XDC"/>
    </Config>
  </FileSet>
  <FileSet Name="utils" Type="Utils" RelSrcDir="$PSRCDIR/utils_1">
    <Filter Type="Utils"/>
    <Config>
      <Option Name="TopAutoSet" Val="TRUE"/>
    </Config>
  </FileSet>
  <Strategy Version="1" Minor="2">
    <StratHandle Name="Vivado Synthesis Defaults" Flow="Vivado Synthesis 2018"/>
    <Step Id="synth_design"/>
  </Strategy>
</GenRun>
