<?xml version="1.0" encoding="UTF-8"?>
<GenRun Id="impl_1" LaunchPart="xc7a100tcsg324-1" LaunchTime="1553100597">
  <File Type="BITSTR-BMM" Name="SR_latch_dataflow_bd.bmm"/>
  <File Type="OPT-METHODOLOGY-DRC" Name="SR_latch_dataflow_methodology_drc_opted.rpt"/>
  <File Type="INIT-TIMING" Name="SR_latch_dataflow_timing_summary_init.rpt"/>
  <File Type="ROUTE-PWR" Name="SR_latch_dataflow_power_routed.rpt"/>
  <File Type="PA-TCL" Name="SR_latch_dataflow.tcl"/>
  <File Type="OPT-TIMING" Name="SR_latch_dataflow_timing_summary_opted.rpt"/>
  <File Type="OPT-DCP" Name="SR_latch_dataflow_opt.dcp"/>
  <File Type="ROUTE-PWR-SUM" Name="SR_latch_dataflow_power_summary_routed.pb"/>
  <File Type="REPORTS-TCL" Name="SR_latch_dataflow_reports.tcl"/>
  <File Type="OPT-DRC" Name="SR_latch_dataflow_drc_opted.rpt"/>
  <File Type="OPT-HWDEF" Name="SR_latch_dataflow.hwdef"/>
  <File Type="PWROPT-DCP" Name="SR_latch_dataflow_pwropt.dcp"/>
  <File Type="PWROPT-DRC" Name="SR_latch_dataflow_drc_pwropted.rpt"/>
  <File Type="PWROPT-TIMING" Name="SR_latch_dataflow_timing_summary_pwropted.rpt"/>
  <File Type="PLACE-DCP" Name="SR_latch_dataflow_placed.dcp"/>
  <File Type="PLACE-IO" Name="SR_latch_dataflow_io_placed.rpt"/>
  <File Type="PLACE-CLK" Name="SR_latch_dataflow_clock_utilization_placed.rpt"/>
  <File Type="PLACE-UTIL" Name="SR_latch_dataflow_utilization_placed.rpt"/>
  <File Type="PLACE-UTIL-PB" Name="SR_latch_dataflow_utilization_placed.pb"/>
  <File Type="PLACE-CTRL" Name="SR_latch_dataflow_control_sets_placed.rpt"/>
  <File Type="PLACE-SIMILARITY" Name="SR_latch_dataflow_incremental_reuse_placed.rpt"/>
  <File Type="PLACE-PRE-SIMILARITY" Name="SR_latch_dataflow_incremental_reuse_pre_placed.rpt"/>
  <File Type="BG-BGN" Name="SR_latch_dataflow.bgn"/>
  <File Type="PLACE-TIMING" Name="SR_latch_dataflow_timing_summary_placed.rpt"/>
  <File Type="POSTPLACE-PWROPT-DCP" Name="SR_latch_dataflow_postplace_pwropt.dcp"/>
  <File Type="BG-BIN" Name="SR_latch_dataflow.bin"/>
  <File Type="POSTPLACE-PWROPT-TIMING" Name="SR_latch_dataflow_timing_summary_postplace_pwropted.rpt"/>
  <File Type="PHYSOPT-DCP" Name="SR_latch_dataflow_physopt.dcp"/>
  <File Type="PHYSOPT-DRC" Name="SR_latch_dataflow_drc_physopted.rpt"/>
  <File Type="BITSTR-MSK" Name="SR_latch_dataflow.msk"/>
  <File Type="PHYSOPT-TIMING" Name="SR_latch_dataflow_timing_summary_physopted.rpt"/>
  <File Type="ROUTE-ERROR-DCP" Name="SR_latch_dataflow_routed_error.dcp"/>
  <File Type="ROUTE-DCP" Name="SR_latch_dataflow_routed.dcp"/>
  <File Type="ROUTE-BLACKBOX-DCP" Name="SR_latch_dataflow_routed_bb.dcp"/>
  <File Type="ROUTE-DRC" Name="SR_latch_dataflow_drc_routed.rpt"/>
  <File Type="ROUTE-DRC-PB" Name="SR_latch_dataflow_drc_routed.pb"/>
  <File Type="BITSTR-LTX" Name="debug_nets.ltx"/>
  <File Type="BITSTR-LTX" Name="SR_latch_dataflow.ltx"/>
  <File Type="ROUTE-DRC-RPX" Name="SR_latch_dataflow_drc_routed.rpx"/>
  <File Type="BITSTR-MMI" Name="SR_latch_dataflow.mmi"/>
  <File Type="ROUTE-METHODOLOGY-DRC" Name="SR_latch_dataflow_methodology_drc_routed.rpt"/>
  <File Type="ROUTE-METHODOLOGY-DRC-RPX" Name="SR_latch_dataflow_methodology_drc_routed.rpx"/>
  <File Type="BITSTR-SYSDEF" Name="SR_latch_dataflow.sysdef"/>
  <File Type="ROUTE-METHODOLOGY-DRC-PB" Name="SR_latch_dataflow_methodology_drc_routed.pb"/>
  <File Type="ROUTE-PWR-RPX" Name="SR_latch_dataflow_power_routed.rpx"/>
  <File Type="ROUTE-STATUS" Name="SR_latch_dataflow_route_status.rpt"/>
  <File Type="ROUTE-STATUS-PB" Name="SR_latch_dataflow_route_status.pb"/>
  <File Type="ROUTE-TIMINGSUMMARY" Name="SR_latch_dataflow_timing_summary_routed.rpt"/>
  <File Type="ROUTE-TIMING-PB" Name="SR_latch_dataflow_timing_summary_routed.pb"/>
  <File Type="ROUTE-TIMING-RPX" Name="SR_latch_dataflow_timing_summary_routed.rpx"/>
  <File Type="ROUTE-SIMILARITY" Name="SR_latch_dataflow_incremental_reuse_routed.rpt"/>
  <File Type="ROUTE-CLK" Name="SR_latch_dataflow_clock_utilization_routed.rpt"/>
  <File Type="ROUTE-BUS-SKEW" Name="SR_latch_dataflow_bus_skew_routed.rpt"/>
  <File Type="ROUTE-BUS-SKEW-PB" Name="SR_latch_dataflow_bus_skew_routed.pb"/>
  <File Type="ROUTE-BUS-SKEW-RPX" Name="SR_latch_dataflow_bus_skew_routed.rpx"/>
  <File Type="POSTROUTE-PHYSOPT-DCP" Name="SR_latch_dataflow_postroute_physopt.dcp"/>
  <File Type="POSTROUTE-PHYSOPT-BLACKBOX-DCP" Name="SR_latch_dataflow_postroute_physopt_bb.dcp"/>
  <File Type="POSTROUTE-PHYSOPT-TIMING" Name="SR_latch_dataflow_timing_summary_postroute_physopted.rpt"/>
  <File Type="POSTROUTE-PHYSOPT-TIMING-PB" Name="SR_latch_dataflow_timing_summary_postroute_physopted.pb"/>
  <File Type="POSTROUTE-PHYSOPT-TIMING-RPX" Name="SR_latch_dataflow_timing_summary_postroute_physopted.rpx"/>
  <File Type="POSTROUTE-PHYSOPT-BUS-SKEW" Name="SR_latch_dataflow_bus_skew_postroute_physopted.rpt"/>
  <File Type="POSTROUTE-PHYSOPT-BUS-SKEW-PB" Name="SR_latch_dataflow_bus_skew_postroute_physopted.pb"/>
  <File Type="BG-BIT" Name="SR_latch_dataflow.bit"/>
  <File Type="POSTROUTE-PHYSOPT-BUS-SKEW-RPX" Name="SR_latch_dataflow_bus_skew_postroute_physopted.rpx"/>
  <File Type="BITSTR-RBT" Name="SR_latch_dataflow.rbt"/>
  <File Type="BITSTR-NKY" Name="SR_latch_dataflow.nky"/>
  <File Type="BG-DRC" Name="SR_latch_dataflow.drc"/>
  <File Type="RDI-RDI" Name="SR_latch_dataflow.vdi"/>
  <File Type="WBT-USG" Name="usage_statistics_webtalk.html"/>
  <FileSet Name="sources" Type="DesignSrcs" RelSrcDir="$PSRCDIR/sources_1">
    <Filter Type="Srcs"/>
    <File Path="$PSRCDIR/sources_1/imports/lab5_1_1/SR_latch_dataflow.v">
      <FileInfo>
        <Attr Name="ImportPath" Val="$PPRDIR/../lab5_1_1/SR_latch_dataflow.v"/>
        <Attr Name="ImportTime" Val="1551107636"/>
        <Attr Name="UsedIn" Val="synthesis"/>
        <Attr Name="UsedIn" Val="implementation"/>
        <Attr Name="UsedIn" Val="simulation"/>
      </FileInfo>
    </File>
    <Config>
      <Option Name="DesignMode" Val="RTL"/>
      <Option Name="TopModule" Val="SR_latch_dataflow"/>
      <Option Name="TopAutoSet" Val="TRUE"/>
    </Config>
  </FileSet>
  <FileSet Name="constrs_in" Type="Constrs" RelSrcDir="$PSRCDIR/constrs_1">
    <Filter Type="Constrs"/>
    <File Path="$PSRCDIR/constrs_1/imports/lab5_1_1/Nexys4DDR_Master.xdc">
      <FileInfo>
        <Attr Name="ImportPath" Val="$PPRDIR/../lab5_1_1/Nexys4DDR_Master.xdc"/>
        <Attr Name="ImportTime" Val="1551107636"/>
        <Attr Name="UsedIn" Val="synthesis"/>
        <Attr Name="UsedIn" Val="implementation"/>
      </FileInfo>
    </File>
    <Config>
      <Option Name="ConstrsType" Val="XDC"/>
    </Config>
  </FileSet>
  <FileSet Name="utils" Type="Utils" RelSrcDir="$PSRCDIR/utils_1">
    <Filter Type="Utils"/>
    <Config>
      <Option Name="TopAutoSet" Val="TRUE"/>
    </Config>
  </FileSet>
  <Strategy Version="1" Minor="2">
    <StratHandle Name="Vivado Implementation Defaults" Flow="Vivado Implementation 2018"/>
    <Step Id="init_design"/>
    <Step Id="opt_design"/>
    <Step Id="power_opt_design"/>
    <Step Id="place_design"/>
    <Step Id="post_place_power_opt_design"/>
    <Step Id="phys_opt_design"/>
    <Step Id="route_design"/>
    <Step Id="post_route_phys_opt_design"/>
    <Step Id="write_bitstream"/>
  </Strategy>
</GenRun>
