<?xml version="1.0" encoding="UTF-8"?>
<GenRun Id="synth_1" LaunchPart="xc7a100tcsg324-1" LaunchTime="1552068216">
  <File Type="PA-TCL" Name="clkDivider.tcl"/>
  <File Type="RDS-PROPCONSTRS" Name="clkDivider_drc_synth.rpt"/>
  <File Type="REPORTS-TCL" Name="clkDivider_reports.tcl"/>
  <File Type="RDS-RDS" Name="clkDivider.vds"/>
  <File Type="RDS-UTIL" Name="clkDivider_utilization_synth.rpt"/>
  <File Type="RDS-UTIL-PB" Name="clkDivider_utilization_synth.pb"/>
  <File Type="RDS-DCP" Name="clkDivider.dcp"/>
  <File Type="VDS-TIMINGSUMMARY" Name="clkDivider_timing_summary_synth.rpt"/>
  <File Type="VDS-TIMING-PB" Name="clkDivider_timing_summary_synth.pb"/>
  <FileSet Name="sources" Type="DesignSrcs" RelSrcDir="$PSRCDIR/sources_1">
    <Filter Type="Srcs"/>
    <File Path="$PSRCDIR/sources_1/imports/clockTest/ClkDivider.sv">
      <FileInfo>
        <Attr Name="ImportPath" Val="$PPRDIR/../../../ENES247/lab3-ReusableBCDhex7segDisplayCode/4_clockTest/ClkDivider.sv"/>
        <Attr Name="ImportTime" Val="1550182333"/>
        <Attr Name="UsedIn" Val="synthesis"/>
        <Attr Name="UsedIn" Val="implementation"/>
        <Attr Name="UsedIn" Val="simulation"/>
      </FileInfo>
    </File>
    <Config>
      <Option Name="DesignMode" Val="RTL"/>
      <Option Name="TopModule" Val="clkDivider"/>
      <Option Name="TopAutoSet" Val="TRUE"/>
    </Config>
  </FileSet>
  <FileSet Name="constrs_in" Type="Constrs" RelSrcDir="$PSRCDIR/constrs_1">
    <Filter Type="Constrs"/>
    <File Path="$PSRCDIR/constrs_1/imports/clockTest/Nexys4DDR_Master.xdc">
      <FileInfo>
        <Attr Name="ImportPath" Val="$PPRDIR/../../../ENES247/lab3-ReusableBCDhex7segDisplayCode/4_clockTest/Nexys4DDR_Master.xdc"/>
        <Attr Name="ImportTime" Val="1517852994"/>
        <Attr Name="UsedIn" Val="synthesis"/>
        <Attr Name="UsedIn" Val="implementation"/>
      </FileInfo>
    </File>
    <Config>
      <Option Name="ConstrsType" Val="XDC"/>
    </Config>
  </FileSet>
  <FileSet Name="utils" Type="Utils" RelSrcDir="$PSRCDIR/utils_1">
    <Filter Type="Utils"/>
    <Config>
      <Option Name="TopAutoSet" Val="TRUE"/>
    </Config>
  </FileSet>
  <Strategy Version="1" Minor="2">
    <StratHandle Name="Vivado Synthesis Defaults" Flow="Vivado Synthesis 2018"/>
    <Step Id="synth_design"/>
  </Strategy>
</GenRun>
