<?xml version="1.0" encoding="UTF-8"?>
<GenRun Id="impl_1" LaunchPart="xc7a100tcsg324-1" LaunchTime="1550436107">
  <File Type="ROUTE-PWR" Name="m16x4Mux_power_routed.rpt"/>
  <File Type="PA-TCL" Name="m16x4Mux.tcl"/>
  <File Type="BITSTR-BMM" Name="m16x4Mux_bd.bmm"/>
  <File Type="ROUTE-PWR-SUM" Name="m16x4Mux_power_summary_routed.pb"/>
  <File Type="REPORTS-TCL" Name="m16x4Mux_reports.tcl"/>
  <File Type="OPT-DCP" Name="m16x4Mux_opt.dcp"/>
  <File Type="OPT-DRC" Name="m16x4Mux_drc_opted.rpt"/>
  <File Type="OPT-HWDEF" Name="m16x4Mux.hwdef"/>
  <File Type="PWROPT-DCP" Name="m16x4Mux_pwropt.dcp"/>
  <File Type="PLACE-DCP" Name="m16x4Mux_placed.dcp"/>
  <File Type="PLACE-IO" Name="m16x4Mux_io_placed.rpt"/>
  <File Type="PLACE-UTIL" Name="m16x4Mux_utilization_placed.rpt"/>
  <File Type="PLACE-UTIL-PB" Name="m16x4Mux_utilization_placed.pb"/>
  <File Type="PLACE-CTRL" Name="m16x4Mux_control_sets_placed.rpt"/>
  <File Type="PLACE-PRE-SIMILARITY" Name="m16x4Mux_incremental_reuse_pre_placed.rpt"/>
  <File Type="BG-BGN" Name="m16x4Mux.bgn"/>
  <File Type="POSTPLACE-PWROPT-DCP" Name="m16x4Mux_postplace_pwropt.dcp"/>
  <File Type="BG-BIN" Name="m16x4Mux.bin"/>
  <File Type="PHYSOPT-DCP" Name="m16x4Mux_physopt.dcp"/>
  <File Type="BITSTR-MSK" Name="m16x4Mux.msk"/>
  <File Type="ROUTE-ERROR-DCP" Name="m16x4Mux_routed_error.dcp"/>
  <File Type="ROUTE-DCP" Name="m16x4Mux_routed.dcp"/>
  <File Type="ROUTE-BLACKBOX-DCP" Name="m16x4Mux_routed_bb.dcp"/>
  <File Type="ROUTE-DRC" Name="m16x4Mux_drc_routed.rpt"/>
  <File Type="ROUTE-DRC-PB" Name="m16x4Mux_drc_routed.pb"/>
  <File Type="ROUTE-DRC-RPX" Name="m16x4Mux_drc_routed.rpx"/>
  <File Type="BITSTR-LTX" Name="m16x4Mux.ltx"/>
  <File Type="ROUTE-METHODOLOGY-DRC" Name="m16x4Mux_methodology_drc_routed.rpt"/>
  <File Type="BITSTR-MMI" Name="m16x4Mux.mmi"/>
  <File Type="ROUTE-METHODOLOGY-DRC-RPX" Name="m16x4Mux_methodology_drc_routed.rpx"/>
  <File Type="ROUTE-METHODOLOGY-DRC-PB" Name="m16x4Mux_methodology_drc_routed.pb"/>
  <File Type="BITSTR-SYSDEF" Name="m16x4Mux.sysdef"/>
  <File Type="ROUTE-PWR-RPX" Name="m16x4Mux_power_routed.rpx"/>
  <File Type="ROUTE-STATUS" Name="m16x4Mux_route_status.rpt"/>
  <File Type="ROUTE-STATUS-PB" Name="m16x4Mux_route_status.pb"/>
  <File Type="ROUTE-TIMINGSUMMARY" Name="m16x4Mux_timing_summary_routed.rpt"/>
  <File Type="ROUTE-TIMING-PB" Name="m16x4Mux_timing_summary_routed.pb"/>
  <File Type="ROUTE-TIMING-RPX" Name="m16x4Mux_timing_summary_routed.rpx"/>
  <File Type="ROUTE-CLK" Name="m16x4Mux_clock_utilization_routed.rpt"/>
  <File Type="ROUTE-BUS-SKEW" Name="m16x4Mux_bus_skew_routed.rpt"/>
  <File Type="ROUTE-BUS-SKEW-PB" Name="m16x4Mux_bus_skew_routed.pb"/>
  <File Type="ROUTE-BUS-SKEW-RPX" Name="m16x4Mux_bus_skew_routed.rpx"/>
  <File Type="POSTROUTE-PHYSOPT-DCP" Name="m16x4Mux_postroute_physopt.dcp"/>
  <File Type="POSTROUTE-PHYSOPT-BLACKBOX-DCP" Name="m16x4Mux_postroute_physopt_bb.dcp"/>
  <File Type="BG-BIT" Name="m16x4Mux.bit"/>
  <File Type="BITSTR-RBT" Name="m16x4Mux.rbt"/>
  <File Type="BITSTR-NKY" Name="m16x4Mux.nky"/>
  <File Type="BG-DRC" Name="m16x4Mux.drc"/>
  <File Type="RDI-RDI" Name="m16x4Mux.vdi"/>
  <File Type="WBT-USG" Name="usage_statistics_webtalk.html"/>
  <FileSet Name="sources" Type="DesignSrcs" RelSrcDir="$PSRCDIR/sources_1">
    <Filter Type="Srcs"/>
    <File Path="$PPRDIR/../m16x4MuxRTL/m16x4Mux.srcs/sources_1/new/m16x4Mux.v">
      <FileInfo>
        <Attr Name="UsedIn" Val="synthesis"/>
        <Attr Name="UsedIn" Val="implementation"/>
        <Attr Name="UsedIn" Val="simulation"/>
      </FileInfo>
    </File>
    <Config>
      <Option Name="DesignMode" Val="RTL"/>
      <Option Name="TopModule" Val="m16x4Mux"/>
      <Option Name="TopAutoSet" Val="TRUE"/>
    </Config>
  </FileSet>
  <FileSet Name="constrs_in" Type="Constrs" RelSrcDir="$PSRCDIR/constrs_1">
    <Filter Type="Constrs"/>
    <File Path="$PPRDIR/../m16x4MuxRTL/m16x4Mux.srcs/constrs_1/imports/ENES246/Nexys4DDR_Master.xdc">
      <FileInfo>
        <Attr Name="UsedIn" Val="synthesis"/>
        <Attr Name="UsedIn" Val="implementation"/>
      </FileInfo>
    </File>
    <Config>
      <Option Name="ConstrsType" Val="XDC"/>
    </Config>
  </FileSet>
  <Strategy Version="1" Minor="2">
    <StratHandle Name="Vivado Implementation Defaults" Flow="Vivado Implementation 2018"/>
    <Step Id="init_design"/>
    <Step Id="opt_design"/>
    <Step Id="power_opt_design"/>
    <Step Id="place_design"/>
    <Step Id="post_place_power_opt_design"/>
    <Step Id="phys_opt_design"/>
    <Step Id="route_design"/>
    <Step Id="post_route_phys_opt_design"/>
    <Step Id="write_bitstream"/>
  </Strategy>
</GenRun>
