<?xml version="1.0" encoding="UTF-8"?>
<GenRun Id="synth_1" LaunchPart="xc7a100tcsg324-1" LaunchTime="1549486056">
  <File Type="PA-TCL" Name="vcb.tcl"/>
  <File Type="RDS-PROPCONSTRS" Name="vcb_drc_synth.rpt"/>
  <File Type="REPORTS-TCL" Name="vcb_reports.tcl"/>
  <File Type="RDS-RDS" Name="vcb.vds"/>
  <File Type="RDS-UTIL" Name="vcb_utilization_synth.rpt"/>
  <File Type="RDS-UTIL-PB" Name="vcb_utilization_synth.pb"/>
  <File Type="RDS-DCP" Name="vcb.dcp"/>
  <File Type="VDS-TIMINGSUMMARY" Name="vcb_timing_summary_synth.rpt"/>
  <File Type="VDS-TIMING-PB" Name="vcb_timing_summary_synth.pb"/>
  <FileSet Name="sources" Type="DesignSrcs" RelSrcDir="$PSRCDIR/sources_1">
    <Filter Type="Srcs"/>
    <File Path="$PPRDIR/../-3AndNand/project_1/project_1.srcs/sources_1/imports/project_1/vcb.v">
      <FileInfo>
        <Attr Name="UsedIn" Val="synthesis"/>
        <Attr Name="UsedIn" Val="implementation"/>
        <Attr Name="UsedIn" Val="simulation"/>
      </FileInfo>
    </File>
    <Config>
      <Option Name="DesignMode" Val="RTL"/>
      <Option Name="TopModule" Val="vcb"/>
      <Option Name="TopAutoSet" Val="TRUE"/>
    </Config>
  </FileSet>
  <FileSet Name="constrs_in" Type="Constrs" RelSrcDir="$PSRCDIR/constrs_1">
    <Filter Type="Constrs"/>
    <File Path="$PPRDIR/../-3AndNand/project_1/project_1.srcs/constrs_1/imports/project_1/Nexys4DDR_Master.xdc">
      <FileInfo>
        <Attr Name="UsedIn" Val="synthesis"/>
        <Attr Name="UsedIn" Val="implementation"/>
      </FileInfo>
    </File>
    <Config>
      <Option Name="ConstrsType" Val="XDC"/>
    </Config>
  </FileSet>
  <FileSet Name="utils" Type="Utils" RelSrcDir="$PSRCDIR/utils_1">
    <Filter Type="Utils"/>
    <Config>
      <Option Name="TopAutoSet" Val="TRUE"/>
    </Config>
  </FileSet>
  <Strategy Version="1" Minor="2">
    <StratHandle Name="Vivado Synthesis Defaults" Flow="Vivado Synthesis 2018">
      <Desc>Vivado Synthesis Defaults</Desc>
    </StratHandle>
    <Step Id="synth_design"/>
  </Strategy>
</GenRun>
