<?xml version="1.0" encoding="UTF-8"?>
<GenRun Id="impl_1" LaunchPart="xc7a100tcsg324-1" LaunchTime="1552158821">
  <File Type="BITSTR-BMM" Name="SquareRoot_bd.bmm"/>
  <File Type="OPT-METHODOLOGY-DRC" Name="SquareRoot_methodology_drc_opted.rpt"/>
  <File Type="INIT-TIMING" Name="SquareRoot_timing_summary_init.rpt"/>
  <File Type="ROUTE-PWR" Name="SquareRoot_power_routed.rpt"/>
  <File Type="PA-TCL" Name="SquareRoot.tcl"/>
  <File Type="OPT-TIMING" Name="SquareRoot_timing_summary_opted.rpt"/>
  <File Type="OPT-DCP" Name="SquareRoot_opt.dcp"/>
  <File Type="ROUTE-PWR-SUM" Name="SquareRoot_power_summary_routed.pb"/>
  <File Type="REPORTS-TCL" Name="SquareRoot_reports.tcl"/>
  <File Type="OPT-DRC" Name="SquareRoot_drc_opted.rpt"/>
  <File Type="OPT-HWDEF" Name="SquareRoot.hwdef"/>
  <File Type="PWROPT-DCP" Name="SquareRoot_pwropt.dcp"/>
  <File Type="PWROPT-DRC" Name="SquareRoot_drc_pwropted.rpt"/>
  <File Type="PWROPT-TIMING" Name="SquareRoot_timing_summary_pwropted.rpt"/>
  <File Type="PLACE-DCP" Name="SquareRoot_placed.dcp"/>
  <File Type="PLACE-IO" Name="SquareRoot_io_placed.rpt"/>
  <File Type="PLACE-CLK" Name="SquareRoot_clock_utilization_placed.rpt"/>
  <File Type="PLACE-UTIL" Name="SquareRoot_utilization_placed.rpt"/>
  <File Type="PLACE-UTIL-PB" Name="SquareRoot_utilization_placed.pb"/>
  <File Type="PLACE-CTRL" Name="SquareRoot_control_sets_placed.rpt"/>
  <File Type="PLACE-SIMILARITY" Name="SquareRoot_incremental_reuse_placed.rpt"/>
  <File Type="PLACE-PRE-SIMILARITY" Name="SquareRoot_incremental_reuse_pre_placed.rpt"/>
  <File Type="BG-BGN" Name="SquareRoot.bgn"/>
  <File Type="PLACE-TIMING" Name="SquareRoot_timing_summary_placed.rpt"/>
  <File Type="POSTPLACE-PWROPT-DCP" Name="SquareRoot_postplace_pwropt.dcp"/>
  <File Type="BG-BIN" Name="SquareRoot.bin"/>
  <File Type="POSTPLACE-PWROPT-TIMING" Name="SquareRoot_timing_summary_postplace_pwropted.rpt"/>
  <File Type="PHYSOPT-DCP" Name="SquareRoot_physopt.dcp"/>
  <File Type="PHYSOPT-DRC" Name="SquareRoot_drc_physopted.rpt"/>
  <File Type="BITSTR-MSK" Name="SquareRoot.msk"/>
  <File Type="PHYSOPT-TIMING" Name="SquareRoot_timing_summary_physopted.rpt"/>
  <File Type="ROUTE-ERROR-DCP" Name="SquareRoot_routed_error.dcp"/>
  <File Type="ROUTE-DCP" Name="SquareRoot_routed.dcp"/>
  <File Type="ROUTE-BLACKBOX-DCP" Name="SquareRoot_routed_bb.dcp"/>
  <File Type="ROUTE-DRC" Name="SquareRoot_drc_routed.rpt"/>
  <File Type="ROUTE-DRC-PB" Name="SquareRoot_drc_routed.pb"/>
  <File Type="BITSTR-LTX" Name="debug_nets.ltx"/>
  <File Type="BITSTR-LTX" Name="SquareRoot.ltx"/>
  <File Type="ROUTE-DRC-RPX" Name="SquareRoot_drc_routed.rpx"/>
  <File Type="BITSTR-MMI" Name="SquareRoot.mmi"/>
  <File Type="ROUTE-METHODOLOGY-DRC" Name="SquareRoot_methodology_drc_routed.rpt"/>
  <File Type="ROUTE-METHODOLOGY-DRC-RPX" Name="SquareRoot_methodology_drc_routed.rpx"/>
  <File Type="BITSTR-SYSDEF" Name="SquareRoot.sysdef"/>
  <File Type="ROUTE-METHODOLOGY-DRC-PB" Name="SquareRoot_methodology_drc_routed.pb"/>
  <File Type="ROUTE-PWR-RPX" Name="SquareRoot_power_routed.rpx"/>
  <File Type="ROUTE-STATUS" Name="SquareRoot_route_status.rpt"/>
  <File Type="ROUTE-STATUS-PB" Name="SquareRoot_route_status.pb"/>
  <File Type="ROUTE-TIMINGSUMMARY" Name="SquareRoot_timing_summary_routed.rpt"/>
  <File Type="ROUTE-TIMING-PB" Name="SquareRoot_timing_summary_routed.pb"/>
  <File Type="ROUTE-TIMING-RPX" Name="SquareRoot_timing_summary_routed.rpx"/>
  <File Type="ROUTE-SIMILARITY" Name="SquareRoot_incremental_reuse_routed.rpt"/>
  <File Type="ROUTE-CLK" Name="SquareRoot_clock_utilization_routed.rpt"/>
  <File Type="ROUTE-BUS-SKEW" Name="SquareRoot_bus_skew_routed.rpt"/>
  <File Type="ROUTE-BUS-SKEW-PB" Name="SquareRoot_bus_skew_routed.pb"/>
  <File Type="ROUTE-BUS-SKEW-RPX" Name="SquareRoot_bus_skew_routed.rpx"/>
  <File Type="POSTROUTE-PHYSOPT-DCP" Name="SquareRoot_postroute_physopt.dcp"/>
  <File Type="POSTROUTE-PHYSOPT-BLACKBOX-DCP" Name="SquareRoot_postroute_physopt_bb.dcp"/>
  <File Type="POSTROUTE-PHYSOPT-TIMING" Name="SquareRoot_timing_summary_postroute_physopted.rpt"/>
  <File Type="POSTROUTE-PHYSOPT-TIMING-PB" Name="SquareRoot_timing_summary_postroute_physopted.pb"/>
  <File Type="POSTROUTE-PHYSOPT-TIMING-RPX" Name="SquareRoot_timing_summary_postroute_physopted.rpx"/>
  <File Type="POSTROUTE-PHYSOPT-BUS-SKEW" Name="SquareRoot_bus_skew_postroute_physopted.rpt"/>
  <File Type="POSTROUTE-PHYSOPT-BUS-SKEW-PB" Name="SquareRoot_bus_skew_postroute_physopted.pb"/>
  <File Type="BG-BIT" Name="SquareRoot.bit"/>
  <File Type="POSTROUTE-PHYSOPT-BUS-SKEW-RPX" Name="SquareRoot_bus_skew_postroute_physopted.rpx"/>
  <File Type="BITSTR-RBT" Name="SquareRoot.rbt"/>
  <File Type="BITSTR-NKY" Name="SquareRoot.nky"/>
  <File Type="BG-DRC" Name="SquareRoot.drc"/>
  <File Type="RDI-RDI" Name="SquareRoot.vdi"/>
  <File Type="WBT-USG" Name="usage_statistics_webtalk.html"/>
  <FileSet Name="sources" Type="DesignSrcs" RelSrcDir="$PSRCDIR/sources_1">
    <Filter Type="Srcs"/>
    <File Path="$PSRCDIR/sources_1/imports/6_7SegDoubleBlanking/7SegDisplaySplit.sv">
      <FileInfo>
        <Attr Name="ImportPath" Val="$PPRDIR/../../-8SevenSegDisplays/6_7SegDoubleBlanking/7segSplit.srcs/sources_1/imports/6_7SegDoubleBlanking/7SegDisplaySplit.sv"/>
        <Attr Name="ImportTime" Val="1552158082"/>
        <Attr Name="UsedIn" Val="synthesis"/>
        <Attr Name="UsedIn" Val="implementation"/>
        <Attr Name="UsedIn" Val="simulation"/>
      </FileInfo>
    </File>
    <File Path="$PSRCDIR/sources_1/new/SquareRoot.sv">
      <FileInfo>
        <Attr Name="UsedIn" Val="synthesis"/>
        <Attr Name="UsedIn" Val="implementation"/>
        <Attr Name="UsedIn" Val="simulation"/>
      </FileInfo>
    </File>
    <Config>
      <Option Name="DesignMode" Val="RTL"/>
      <Option Name="TopModule" Val="SquareRoot"/>
      <Option Name="TopAutoSet" Val="TRUE"/>
    </Config>
  </FileSet>
  <FileSet Name="constrs_in" Type="Constrs" RelSrcDir="$PSRCDIR/constrs_1">
    <Filter Type="Constrs"/>
    <File Path="$PSRCDIR/constrs_1/imports/ENES246/Nexys4DDR_Master.xdc">
      <FileInfo>
        <Attr Name="ImportPath" Val="$PPRDIR/../../Nexys4DDR_Master.xdc"/>
        <Attr Name="ImportTime" Val="1551433971"/>
        <Attr Name="UsedIn" Val="synthesis"/>
        <Attr Name="UsedIn" Val="implementation"/>
      </FileInfo>
    </File>
    <Config>
      <Option Name="ConstrsType" Val="XDC"/>
    </Config>
  </FileSet>
  <FileSet Name="utils" Type="Utils" RelSrcDir="$PSRCDIR/utils_1">
    <Filter Type="Utils"/>
    <Config>
      <Option Name="TopAutoSet" Val="TRUE"/>
    </Config>
  </FileSet>
  <Strategy Version="1" Minor="2">
    <StratHandle Name="Vivado Implementation Defaults" Flow="Vivado Implementation 2018"/>
    <Step Id="init_design"/>
    <Step Id="opt_design"/>
    <Step Id="power_opt_design"/>
    <Step Id="place_design"/>
    <Step Id="post_place_power_opt_design"/>
    <Step Id="phys_opt_design"/>
    <Step Id="route_design"/>
    <Step Id="post_route_phys_opt_design"/>
    <Step Id="write_bitstream"/>
  </Strategy>
  <BlockFileSet Type="BlockSrcs" Name="cordic_0"/>
</GenRun>
