<?xml version="1.0" encoding="UTF-8"?>
<GenRun Id="synth_1" LaunchPart="xc7a100tcsg324-1" LaunchTime="1551654818">
  <File Type="PA-TCL" Name="wobblyRing.tcl"/>
  <File Type="RDS-PROPCONSTRS" Name="wobblyRing_drc_synth.rpt"/>
  <File Type="REPORTS-TCL" Name="wobblyRing_reports.tcl"/>
  <File Type="RDS-RDS" Name="wobblyRing.vds"/>
  <File Type="RDS-UTIL" Name="wobblyRing_utilization_synth.rpt"/>
  <File Type="RDS-UTIL-PB" Name="wobblyRing_utilization_synth.pb"/>
  <File Type="RDS-DCP" Name="wobblyRing.dcp"/>
  <File Type="VDS-TIMINGSUMMARY" Name="wobblyRing_timing_summary_synth.rpt"/>
  <File Type="VDS-TIMING-PB" Name="wobblyRing_timing_summary_synth.pb"/>
  <FileSet Name="sources" Type="DesignSrcs" RelSrcDir="$PSRCDIR/sources_1">
    <Filter Type="Srcs"/>
    <File Path="$PSRCDIR/sources_1/new/FourWideMux.sv">
      <FileInfo>
        <Attr Name="ImportPath" Val="$PPRDIR/../3_CombinatoryLoops/4wideMux.srcs/sources_1/new/FourWideMux.sv"/>
        <Attr Name="ImportTime" Val="1551652130"/>
        <Attr Name="UsedIn" Val="synthesis"/>
        <Attr Name="UsedIn" Val="implementation"/>
        <Attr Name="UsedIn" Val="simulation"/>
      </FileInfo>
    </File>
    <Config>
      <Option Name="DesignMode" Val="RTL"/>
      <Option Name="TopModule" Val="wobblyRing"/>
      <Option Name="TopAutoSet" Val="TRUE"/>
    </Config>
  </FileSet>
  <FileSet Name="constrs_in" Type="Constrs" RelSrcDir="$PSRCDIR/constrs_1">
    <Filter Type="Constrs"/>
    <File Path="$PSRCDIR/constrs_1/imports/4_ComboLockASN/Nexys4DDR_Master.xdc">
      <FileInfo>
        <Attr Name="ImportPath" Val="$PPRDIR/../3_CombinatoryLoops/Nexys4DDR_Master.xdc"/>
        <Attr Name="ImportTime" Val="1551433971"/>
        <Attr Name="UsedIn" Val="synthesis"/>
        <Attr Name="UsedIn" Val="implementation"/>
      </FileInfo>
    </File>
    <Config>
      <Option Name="ConstrsType" Val="XDC"/>
    </Config>
  </FileSet>
  <FileSet Name="utils" Type="Utils" RelSrcDir="$PSRCDIR/utils_1">
    <Filter Type="Utils"/>
    <Config>
      <Option Name="TopAutoSet" Val="TRUE"/>
    </Config>
  </FileSet>
  <Strategy Version="1" Minor="2">
    <StratHandle Name="Vivado Synthesis Defaults" Flow="Vivado Synthesis 2018"/>
    <Step Id="synth_design"/>
  </Strategy>
</GenRun>
