<?xml version="1.0" encoding="UTF-8"?>
<GenRun Id="synth_1" LaunchPart="xc7a100tcsg324-1" LaunchTime="1552503027">
  <File Type="PA-TCL" Name="thirtyTwobitHexTo16LEDs.tcl"/>
  <File Type="RDS-PROPCONSTRS" Name="thirtyTwobitHexTo16LEDs_drc_synth.rpt"/>
  <File Type="REPORTS-TCL" Name="thirtyTwobitHexTo16LEDs_reports.tcl"/>
  <File Type="RDS-RDS" Name="thirtyTwobitHexTo16LEDs.vds"/>
  <File Type="RDS-UTIL" Name="thirtyTwobitHexTo16LEDs_utilization_synth.rpt"/>
  <File Type="RDS-UTIL-PB" Name="thirtyTwobitHexTo16LEDs_utilization_synth.pb"/>
  <File Type="RDS-DCP" Name="thirtyTwobitHexTo16LEDs.dcp"/>
  <File Type="VDS-TIMINGSUMMARY" Name="thirtyTwobitHexTo16LEDs_timing_summary_synth.rpt"/>
  <File Type="VDS-TIMING-PB" Name="thirtyTwobitHexTo16LEDs_timing_summary_synth.pb"/>
  <FileSet Name="sources" Type="DesignSrcs" RelSrcDir="$PSRCDIR/sources_1">
    <Filter Type="Srcs"/>
    <File Path="$PSRCDIR/sources_1/imports/4_32bitsHexTo7segAnd16LEDs/32bitHexTo16LEDs.sv">
      <FileInfo>
        <Attr Name="ImportPath" Val="$PPRDIR/../../32bitHexTo16LEDs.sv"/>
        <Attr Name="ImportTime" Val="1550216488"/>
        <Attr Name="UsedIn" Val="synthesis"/>
        <Attr Name="UsedIn" Val="implementation"/>
        <Attr Name="UsedIn" Val="simulation"/>
      </FileInfo>
    </File>
    <Config>
      <Option Name="DesignMode" Val="RTL"/>
      <Option Name="TopModule" Val="thirtyTwobitHexTo16LEDs"/>
      <Option Name="TopAutoSet" Val="TRUE"/>
    </Config>
  </FileSet>
  <FileSet Name="constrs_in" Type="Constrs" RelSrcDir="$PSRCDIR/constrs_1">
    <Filter Type="Constrs"/>
    <File Path="$PSRCDIR/constrs_1/imports/3_32bitsHexTo7segAnd16LEDs/Nexys4DDR_Master.xdc">
      <FileInfo>
        <Attr Name="ImportPath" Val="$PPRDIR/../../Nexys4DDR_Master.xdc"/>
        <Attr Name="ImportTime" Val="1550071339"/>
        <Attr Name="UsedIn" Val="synthesis"/>
        <Attr Name="UsedIn" Val="implementation"/>
      </FileInfo>
    </File>
    <Config>
      <Option Name="ConstrsType" Val="XDC"/>
    </Config>
  </FileSet>
  <FileSet Name="utils" Type="Utils" RelSrcDir="$PSRCDIR/utils_1">
    <Filter Type="Utils"/>
    <Config>
      <Option Name="TopAutoSet" Val="TRUE"/>
    </Config>
  </FileSet>
  <Strategy Version="1" Minor="2">
    <StratHandle Name="Vivado Synthesis Defaults" Flow="Vivado Synthesis 2018"/>
    <Step Id="synth_design"/>
  </Strategy>
</GenRun>
