<?xml version="1.0" encoding="UTF-8"?>
<GenRun Id="synth_1" LaunchPart="xc7a100tcsg324-1" LaunchTime="1552158821">
  <File Type="PA-TCL" Name="SquareRoot.tcl"/>
  <File Type="RDS-PROPCONSTRS" Name="SquareRoot_drc_synth.rpt"/>
  <File Type="REPORTS-TCL" Name="SquareRoot_reports.tcl"/>
  <File Type="RDS-RDS" Name="SquareRoot.vds"/>
  <File Type="RDS-UTIL" Name="SquareRoot_utilization_synth.rpt"/>
  <File Type="RDS-UTIL-PB" Name="SquareRoot_utilization_synth.pb"/>
  <File Type="RDS-DCP" Name="SquareRoot.dcp"/>
  <File Type="VDS-TIMINGSUMMARY" Name="SquareRoot_timing_summary_synth.rpt"/>
  <File Type="VDS-TIMING-PB" Name="SquareRoot_timing_summary_synth.pb"/>
  <FileSet Name="sources" Type="DesignSrcs" RelSrcDir="$PSRCDIR/sources_1">
    <Filter Type="Srcs"/>
    <File Path="$PSRCDIR/sources_1/imports/6_7SegDoubleBlanking/7SegDisplaySplit.sv">
      <FileInfo>
        <Attr Name="ImportPath" Val="$PPRDIR/../../-8SevenSegDisplays/6_7SegDoubleBlanking/7segSplit.srcs/sources_1/imports/6_7SegDoubleBlanking/7SegDisplaySplit.sv"/>
        <Attr Name="ImportTime" Val="1552158082"/>
        <Attr Name="UsedIn" Val="synthesis"/>
        <Attr Name="UsedIn" Val="implementation"/>
        <Attr Name="UsedIn" Val="simulation"/>
      </FileInfo>
    </File>
    <File Path="$PSRCDIR/sources_1/new/SquareRoot.sv">
      <FileInfo>
        <Attr Name="UsedIn" Val="synthesis"/>
        <Attr Name="UsedIn" Val="implementation"/>
        <Attr Name="UsedIn" Val="simulation"/>
      </FileInfo>
    </File>
    <Config>
      <Option Name="DesignMode" Val="RTL"/>
      <Option Name="TopModule" Val="SquareRoot"/>
      <Option Name="TopAutoSet" Val="TRUE"/>
    </Config>
  </FileSet>
  <FileSet Name="constrs_in" Type="Constrs" RelSrcDir="$PSRCDIR/constrs_1">
    <Filter Type="Constrs"/>
    <File Path="$PSRCDIR/constrs_1/imports/ENES246/Nexys4DDR_Master.xdc">
      <FileInfo>
        <Attr Name="ImportPath" Val="$PPRDIR/../../Nexys4DDR_Master.xdc"/>
        <Attr Name="ImportTime" Val="1551433971"/>
        <Attr Name="UsedIn" Val="synthesis"/>
        <Attr Name="UsedIn" Val="implementation"/>
      </FileInfo>
    </File>
    <Config>
      <Option Name="ConstrsType" Val="XDC"/>
    </Config>
  </FileSet>
  <FileSet Name="utils" Type="Utils" RelSrcDir="$PSRCDIR/utils_1">
    <Filter Type="Utils"/>
    <Config>
      <Option Name="TopAutoSet" Val="TRUE"/>
    </Config>
  </FileSet>
  <Strategy Version="1" Minor="2">
    <StratHandle Name="Vivado Synthesis Defaults" Flow="Vivado Synthesis 2018"/>
    <Step Id="synth_design"/>
  </Strategy>
  <BlockFileSet Type="BlockSrcs" Name="cordic_0"/>
</GenRun>
