<?xml version="1.0" encoding="UTF-8"?>
<GenRun Id="synth_1" LaunchPart="xc7a100tcsg324-1" LaunchTime="1544638626">
  <File Type="PA-TCL" Name="mul4bits.tcl"/>
  <File Type="RDS-PROPCONSTRS" Name="mul4bits_drc_synth.rpt"/>
  <File Type="REPORTS-TCL" Name="mul4bits_reports.tcl"/>
  <File Type="RDS-RDS" Name="mul4bits.vds"/>
  <File Type="RDS-UTIL" Name="mul4bits_utilization_synth.rpt"/>
  <File Type="RDS-UTIL-PB" Name="mul4bits_utilization_synth.pb"/>
  <File Type="RDS-DCP" Name="mul4bits.dcp"/>
  <File Type="VDS-TIMINGSUMMARY" Name="mul4bits_timing_summary_synth.rpt"/>
  <File Type="VDS-TIMING-PB" Name="mul4bits_timing_summary_synth.pb"/>
  <FileSet Name="sources" Type="DesignSrcs" RelSrcDir="$PSRCDIR/sources_1">
    <Filter Type="Srcs"/>
    <File Path="$PSRCDIR/sources_1/new/mul4bits.v">
      <FileInfo>
        <Attr Name="UsedIn" Val="synthesis"/>
        <Attr Name="UsedIn" Val="implementation"/>
        <Attr Name="UsedIn" Val="simulation"/>
      </FileInfo>
    </File>
    <Config>
      <Option Name="DesignMode" Val="RTL"/>
      <Option Name="TopModule" Val="mul4bits"/>
      <Option Name="TopAutoSet" Val="TRUE"/>
    </Config>
  </FileSet>
  <FileSet Name="constrs_in" Type="Constrs" RelSrcDir="$PSRCDIR/constrs_1">
    <Filter Type="Constrs"/>
    <File Path="$PSRCDIR/constrs_1/imports/truthTableMultiply/multiply4bits.xdc">
      <FileInfo>
        <Attr Name="ImportPath" Val="$PPRDIR/../multiply4bits.xdc"/>
        <Attr Name="ImportTime" Val="1544631202"/>
        <Attr Name="UsedIn" Val="synthesis"/>
        <Attr Name="UsedIn" Val="implementation"/>
      </FileInfo>
    </File>
    <Config>
      <Option Name="ConstrsType" Val="XDC"/>
    </Config>
  </FileSet>
  <Strategy Version="1" Minor="2">
    <StratHandle Name="Vivado Synthesis Defaults" Flow="Vivado Synthesis 2018"/>
    <Step Id="synth_design"/>
  </Strategy>
</GenRun>
