<?xml version="1.0" encoding="UTF-8"?>
<GenRun Id="synth_1" LaunchPart="xc7a100tcsg324-1" LaunchTime="1551128876">
  <File Type="PA-TCL" Name="decoderToMuxTest.tcl"/>
  <File Type="RDS-PROPCONSTRS" Name="decoderToMuxTest_drc_synth.rpt"/>
  <File Type="REPORTS-TCL" Name="decoderToMuxTest_reports.tcl"/>
  <File Type="RDS-RDS" Name="decoderToMuxTest.vds"/>
  <File Type="RDS-UTIL" Name="decoderToMuxTest_utilization_synth.rpt"/>
  <File Type="RDS-UTIL-PB" Name="decoderToMuxTest_utilization_synth.pb"/>
  <File Type="RDS-DCP" Name="decoderToMuxTest.dcp"/>
  <File Type="VDS-TIMINGSUMMARY" Name="decoderToMuxTest_timing_summary_synth.rpt"/>
  <File Type="VDS-TIMING-PB" Name="decoderToMuxTest_timing_summary_synth.pb"/>
  <FileSet Name="sources" Type="DesignSrcs" RelSrcDir="$PSRCDIR/sources_1">
    <Filter Type="Srcs"/>
    <File Path="$PSRCDIR/sources_1/new/decoderToMuxTest.v">
      <FileInfo>
        <Attr Name="UsedIn" Val="synthesis"/>
        <Attr Name="UsedIn" Val="implementation"/>
        <Attr Name="UsedIn" Val="simulation"/>
      </FileInfo>
    </File>
    <Config>
      <Option Name="DesignMode" Val="RTL"/>
      <Option Name="TopModule" Val="decoderToMuxTest"/>
      <Option Name="TopAutoSet" Val="TRUE"/>
    </Config>
  </FileSet>
  <FileSet Name="constrs_in" Type="Constrs" RelSrcDir="$PSRCDIR/constrs_1">
    <Filter Type="Constrs"/>
    <File Path="$PSRCDIR/constrs_1/imports/ENES246/Nexys4DDR_Master.xdc">
      <FileInfo>
        <Attr Name="ImportPath" Val="$PPRDIR/../../Nexys4DDR_Master.xdc"/>
        <Attr Name="ImportTime" Val="1548258710"/>
        <Attr Name="UsedIn" Val="synthesis"/>
        <Attr Name="UsedIn" Val="implementation"/>
      </FileInfo>
    </File>
    <Config>
      <Option Name="TargetConstrsFile" Val="$PSRCDIR/constrs_1/imports/ENES246/Nexys4DDR_Master.xdc"/>
      <Option Name="ConstrsType" Val="XDC"/>
    </Config>
  </FileSet>
  <FileSet Name="utils" Type="Utils" RelSrcDir="$PSRCDIR/utils_1">
    <Filter Type="Utils"/>
    <Config>
      <Option Name="TopAutoSet" Val="TRUE"/>
    </Config>
  </FileSet>
  <Strategy Version="1" Minor="2">
    <StratHandle Name="Vivado Synthesis Defaults" Flow="Vivado Synthesis 2018"/>
    <Step Id="synth_design">
      <Option Id="ControlSetOptThreshold">0</Option>
    </Step>
  </Strategy>
</GenRun>
