<?xml version="1.0" encoding="UTF-8"?>
<GenRun Id="impl_1" LaunchPart="xc7a100tcsg324-1" LaunchTime="1554295507">
  <File Type="BITSTR-BMM" Name="clkDivider_bd.bmm"/>
  <File Type="OPT-METHODOLOGY-DRC" Name="clkDivider_methodology_drc_opted.rpt"/>
  <File Type="INIT-TIMING" Name="clkDivider_timing_summary_init.rpt"/>
  <File Type="ROUTE-PWR" Name="clkDivider_power_routed.rpt"/>
  <File Type="PA-TCL" Name="clkDivider.tcl"/>
  <File Type="OPT-TIMING" Name="clkDivider_timing_summary_opted.rpt"/>
  <File Type="OPT-DCP" Name="clkDivider_opt.dcp"/>
  <File Type="ROUTE-PWR-SUM" Name="clkDivider_power_summary_routed.pb"/>
  <File Type="REPORTS-TCL" Name="clkDivider_reports.tcl"/>
  <File Type="OPT-DRC" Name="clkDivider_drc_opted.rpt"/>
  <File Type="OPT-HWDEF" Name="clkDivider.hwdef"/>
  <File Type="PWROPT-DCP" Name="clkDivider_pwropt.dcp"/>
  <File Type="PWROPT-DRC" Name="clkDivider_drc_pwropted.rpt"/>
  <File Type="PWROPT-TIMING" Name="clkDivider_timing_summary_pwropted.rpt"/>
  <File Type="PLACE-DCP" Name="clkDivider_placed.dcp"/>
  <File Type="PLACE-IO" Name="clkDivider_io_placed.rpt"/>
  <File Type="PLACE-CLK" Name="clkDivider_clock_utilization_placed.rpt"/>
  <File Type="PLACE-UTIL" Name="clkDivider_utilization_placed.rpt"/>
  <File Type="PLACE-UTIL-PB" Name="clkDivider_utilization_placed.pb"/>
  <File Type="PLACE-CTRL" Name="clkDivider_control_sets_placed.rpt"/>
  <File Type="PLACE-SIMILARITY" Name="clkDivider_incremental_reuse_placed.rpt"/>
  <File Type="PLACE-PRE-SIMILARITY" Name="clkDivider_incremental_reuse_pre_placed.rpt"/>
  <File Type="BG-BGN" Name="clkDivider.bgn"/>
  <File Type="PLACE-TIMING" Name="clkDivider_timing_summary_placed.rpt"/>
  <File Type="POSTPLACE-PWROPT-DCP" Name="clkDivider_postplace_pwropt.dcp"/>
  <File Type="BG-BIN" Name="clkDivider.bin"/>
  <File Type="POSTPLACE-PWROPT-TIMING" Name="clkDivider_timing_summary_postplace_pwropted.rpt"/>
  <File Type="PHYSOPT-DCP" Name="clkDivider_physopt.dcp"/>
  <File Type="PHYSOPT-DRC" Name="clkDivider_drc_physopted.rpt"/>
  <File Type="BITSTR-MSK" Name="clkDivider.msk"/>
  <File Type="PHYSOPT-TIMING" Name="clkDivider_timing_summary_physopted.rpt"/>
  <File Type="ROUTE-ERROR-DCP" Name="clkDivider_routed_error.dcp"/>
  <File Type="ROUTE-DCP" Name="clkDivider_routed.dcp"/>
  <File Type="ROUTE-BLACKBOX-DCP" Name="clkDivider_routed_bb.dcp"/>
  <File Type="ROUTE-DRC" Name="clkDivider_drc_routed.rpt"/>
  <File Type="ROUTE-DRC-PB" Name="clkDivider_drc_routed.pb"/>
  <File Type="BITSTR-LTX" Name="debug_nets.ltx"/>
  <File Type="BITSTR-LTX" Name="clkDivider.ltx"/>
  <File Type="ROUTE-DRC-RPX" Name="clkDivider_drc_routed.rpx"/>
  <File Type="BITSTR-MMI" Name="clkDivider.mmi"/>
  <File Type="ROUTE-METHODOLOGY-DRC" Name="clkDivider_methodology_drc_routed.rpt"/>
  <File Type="ROUTE-METHODOLOGY-DRC-RPX" Name="clkDivider_methodology_drc_routed.rpx"/>
  <File Type="BITSTR-SYSDEF" Name="clkDivider.sysdef"/>
  <File Type="ROUTE-METHODOLOGY-DRC-PB" Name="clkDivider_methodology_drc_routed.pb"/>
  <File Type="ROUTE-PWR-RPX" Name="clkDivider_power_routed.rpx"/>
  <File Type="ROUTE-STATUS" Name="clkDivider_route_status.rpt"/>
  <File Type="ROUTE-STATUS-PB" Name="clkDivider_route_status.pb"/>
  <File Type="ROUTE-TIMINGSUMMARY" Name="clkDivider_timing_summary_routed.rpt"/>
  <File Type="ROUTE-TIMING-PB" Name="clkDivider_timing_summary_routed.pb"/>
  <File Type="ROUTE-TIMING-RPX" Name="clkDivider_timing_summary_routed.rpx"/>
  <File Type="ROUTE-SIMILARITY" Name="clkDivider_incremental_reuse_routed.rpt"/>
  <File Type="ROUTE-CLK" Name="clkDivider_clock_utilization_routed.rpt"/>
  <File Type="ROUTE-BUS-SKEW" Name="clkDivider_bus_skew_routed.rpt"/>
  <File Type="ROUTE-BUS-SKEW-PB" Name="clkDivider_bus_skew_routed.pb"/>
  <File Type="ROUTE-BUS-SKEW-RPX" Name="clkDivider_bus_skew_routed.rpx"/>
  <File Type="POSTROUTE-PHYSOPT-DCP" Name="clkDivider_postroute_physopt.dcp"/>
  <File Type="POSTROUTE-PHYSOPT-BLACKBOX-DCP" Name="clkDivider_postroute_physopt_bb.dcp"/>
  <File Type="POSTROUTE-PHYSOPT-TIMING" Name="clkDivider_timing_summary_postroute_physopted.rpt"/>
  <File Type="POSTROUTE-PHYSOPT-TIMING-PB" Name="clkDivider_timing_summary_postroute_physopted.pb"/>
  <File Type="POSTROUTE-PHYSOPT-TIMING-RPX" Name="clkDivider_timing_summary_postroute_physopted.rpx"/>
  <File Type="POSTROUTE-PHYSOPT-BUS-SKEW" Name="clkDivider_bus_skew_postroute_physopted.rpt"/>
  <File Type="POSTROUTE-PHYSOPT-BUS-SKEW-PB" Name="clkDivider_bus_skew_postroute_physopted.pb"/>
  <File Type="BG-BIT" Name="clkDivider.bit"/>
  <File Type="POSTROUTE-PHYSOPT-BUS-SKEW-RPX" Name="clkDivider_bus_skew_postroute_physopted.rpx"/>
  <File Type="BITSTR-RBT" Name="clkDivider.rbt"/>
  <File Type="BITSTR-NKY" Name="clkDivider.nky"/>
  <File Type="BG-DRC" Name="clkDivider.drc"/>
  <File Type="RDI-RDI" Name="clkDivider.vdi"/>
  <File Type="WBT-USG" Name="usage_statistics_webtalk.html"/>
  <FileSet Name="sources" Type="DesignSrcs" RelSrcDir="$PSRCDIR/sources_1">
    <Filter Type="Srcs"/>
    <File Path="$PSRCDIR/sources_1/imports/4_UniversalShiftRegister/shiftOperator.sv">
      <FileInfo>
        <Attr Name="ImportPath" Val="$PPRDIR/shiftOperator.sv"/>
        <Attr Name="ImportTime" Val="1553462024"/>
        <Attr Name="UsedIn" Val="synthesis"/>
        <Attr Name="UsedIn" Val="implementation"/>
        <Attr Name="UsedIn" Val="simulation"/>
      </FileInfo>
    </File>
    <File Path="$PSRCDIR/sources_1/imports/4_UniversalShiftRegister/universalShiftRegister.sv">
      <FileInfo>
        <Attr Name="ImportPath" Val="$PPRDIR/universalShiftRegister.sv"/>
        <Attr Name="ImportTime" Val="1553461698"/>
        <Attr Name="UsedIn" Val="synthesis"/>
        <Attr Name="UsedIn" Val="implementation"/>
        <Attr Name="UsedIn" Val="simulation"/>
      </FileInfo>
    </File>
    <Config>
      <Option Name="DesignMode" Val="RTL"/>
      <Option Name="TopModule" Val="clkDivider"/>
      <Option Name="TopAutoSet" Val="TRUE"/>
    </Config>
  </FileSet>
  <FileSet Name="constrs_in" Type="Constrs" RelSrcDir="$PSRCDIR/constrs_1">
    <Filter Type="Constrs"/>
    <File Path="$PSRCDIR/constrs_1/imports/4_UniversalShiftRegister/Nexys4DDR_Master.xdc">
      <FileInfo>
        <Attr Name="ImportPath" Val="$PPRDIR/Nexys4DDR_Master.xdc"/>
        <Attr Name="ImportTime" Val="1553460166"/>
        <Attr Name="UsedIn" Val="synthesis"/>
        <Attr Name="UsedIn" Val="implementation"/>
      </FileInfo>
    </File>
    <Config>
      <Option Name="ConstrsType" Val="XDC"/>
    </Config>
  </FileSet>
  <FileSet Name="utils" Type="Utils" RelSrcDir="$PSRCDIR/utils_1">
    <Filter Type="Utils"/>
    <Config>
      <Option Name="TopAutoSet" Val="TRUE"/>
    </Config>
  </FileSet>
  <Strategy Version="1" Minor="2">
    <StratHandle Name="Vivado Implementation Defaults" Flow="Vivado Implementation 2018"/>
    <Step Id="init_design"/>
    <Step Id="opt_design"/>
    <Step Id="power_opt_design"/>
    <Step Id="place_design"/>
    <Step Id="post_place_power_opt_design"/>
    <Step Id="phys_opt_design"/>
    <Step Id="route_design"/>
    <Step Id="post_route_phys_opt_design"/>
    <Step Id="write_bitstream"/>
  </Strategy>
</GenRun>
