<?xml version="1.0" encoding="UTF-8"?>
<GenRun Id="synth_1" LaunchPart="xc7a100tcsg324-1" LaunchTime="1550316038">
  <File Type="PA-TCL" Name="Parallela.tcl"/>
  <File Type="REPORTS-TCL" Name="Parallela_reports.tcl"/>
  <File Type="RDS-RDS" Name="Parallela.vds"/>
  <File Type="RDS-UTIL" Name="Parallela_utilization_synth.rpt"/>
  <File Type="RDS-UTIL-PB" Name="Parallela_utilization_synth.pb"/>
  <File Type="RDS-DCP" Name="Parallela.dcp"/>
  <FileSet Name="sources" Type="DesignSrcs" RelSrcDir="$PSRCDIR/sources_1">
    <Filter Type="Srcs"/>
    <File Path="$PSRCDIR/sources_1/new/1a_Parallel.v">
      <FileInfo>
        <Attr Name="ImportPath" Val="$PPRDIR/../1a_Parallel/1a_Parallel.srcs/sources_1/new/1a_Parallel.v"/>
        <Attr Name="ImportTime" Val="1550315899"/>
        <Attr Name="UsedIn" Val="synthesis"/>
        <Attr Name="UsedIn" Val="implementation"/>
        <Attr Name="UsedIn" Val="simulation"/>
      </FileInfo>
    </File>
    <Config>
      <Option Name="DesignMode" Val="RTL"/>
      <Option Name="TopModule" Val="Parallela"/>
      <Option Name="TopAutoSet" Val="TRUE"/>
    </Config>
  </FileSet>
  <FileSet Name="constrs_in" Type="Constrs" RelSrcDir="$PSRCDIR/constrs_1">
    <Filter Type="Constrs"/>
    <File Path="$PSRCDIR/constrs_1/imports/4_clockTest/Nexys4DDR_Master.xdc">
      <FileInfo>
        <Attr Name="ImportPath" Val="$PPRDIR/../../ENES247/lab3-ReusableBCDhex7segDisplayCode/4_clockTest/Nexys4DDR_Master.xdc"/>
        <Attr Name="ImportTime" Val="1550216488"/>
        <Attr Name="UsedIn" Val="synthesis"/>
        <Attr Name="UsedIn" Val="implementation"/>
      </FileInfo>
    </File>
    <Config>
      <Option Name="ConstrsType" Val="XDC"/>
    </Config>
  </FileSet>
  <FileSet Name="utils" Type="Utils" RelSrcDir="$PSRCDIR/utils_1">
    <Filter Type="Utils"/>
    <Config>
      <Option Name="TopAutoSet" Val="TRUE"/>
    </Config>
  </FileSet>
  <Strategy Version="1" Minor="2">
    <StratHandle Name="Vivado Synthesis Defaults" Flow="Vivado Synthesis 2018"/>
    <Step Id="synth_design"/>
  </Strategy>
</GenRun>
