<?xml version="1.0" encoding="UTF-8"?>
<GenRun Id="impl_1" LaunchPart="xc7a100tcsg324-1" LaunchTime="1550418850">
  <File Type="BITSTR-BMM" Name="Binary_to_BCD_bd.bmm"/>
  <File Type="ROUTE-PWR" Name="Binary_to_BCD_power_routed.rpt"/>
  <File Type="PA-TCL" Name="Binary_to_BCD.tcl"/>
  <File Type="OPT-DCP" Name="Binary_to_BCD_opt.dcp"/>
  <File Type="ROUTE-PWR-SUM" Name="Binary_to_BCD_power_summary_routed.pb"/>
  <File Type="REPORTS-TCL" Name="Binary_to_BCD_reports.tcl"/>
  <File Type="OPT-DRC" Name="Binary_to_BCD_drc_opted.rpt"/>
  <File Type="OPT-HWDEF" Name="Binary_to_BCD.hwdef"/>
  <File Type="PWROPT-DCP" Name="Binary_to_BCD_pwropt.dcp"/>
  <File Type="PLACE-DCP" Name="Binary_to_BCD_placed.dcp"/>
  <File Type="PLACE-IO" Name="Binary_to_BCD_io_placed.rpt"/>
  <File Type="PLACE-UTIL" Name="Binary_to_BCD_utilization_placed.rpt"/>
  <File Type="PLACE-UTIL-PB" Name="Binary_to_BCD_utilization_placed.pb"/>
  <File Type="PLACE-CTRL" Name="Binary_to_BCD_control_sets_placed.rpt"/>
  <File Type="PLACE-PRE-SIMILARITY" Name="Binary_to_BCD_incremental_reuse_pre_placed.rpt"/>
  <File Type="BG-BGN" Name="Binary_to_BCD.bgn"/>
  <File Type="POSTPLACE-PWROPT-DCP" Name="Binary_to_BCD_postplace_pwropt.dcp"/>
  <File Type="BG-BIN" Name="Binary_to_BCD.bin"/>
  <File Type="PHYSOPT-DCP" Name="Binary_to_BCD_physopt.dcp"/>
  <File Type="BITSTR-MSK" Name="Binary_to_BCD.msk"/>
  <File Type="ROUTE-ERROR-DCP" Name="Binary_to_BCD_routed_error.dcp"/>
  <File Type="ROUTE-DCP" Name="Binary_to_BCD_routed.dcp"/>
  <File Type="ROUTE-BLACKBOX-DCP" Name="Binary_to_BCD_routed_bb.dcp"/>
  <File Type="ROUTE-DRC" Name="Binary_to_BCD_drc_routed.rpt"/>
  <File Type="ROUTE-DRC-PB" Name="Binary_to_BCD_drc_routed.pb"/>
  <File Type="BITSTR-LTX" Name="Binary_to_BCD.ltx"/>
  <File Type="ROUTE-DRC-RPX" Name="Binary_to_BCD_drc_routed.rpx"/>
  <File Type="BITSTR-MMI" Name="Binary_to_BCD.mmi"/>
  <File Type="ROUTE-METHODOLOGY-DRC" Name="Binary_to_BCD_methodology_drc_routed.rpt"/>
  <File Type="ROUTE-METHODOLOGY-DRC-RPX" Name="Binary_to_BCD_methodology_drc_routed.rpx"/>
  <File Type="BITSTR-SYSDEF" Name="Binary_to_BCD.sysdef"/>
  <File Type="ROUTE-METHODOLOGY-DRC-PB" Name="Binary_to_BCD_methodology_drc_routed.pb"/>
  <File Type="ROUTE-PWR-RPX" Name="Binary_to_BCD_power_routed.rpx"/>
  <File Type="ROUTE-STATUS" Name="Binary_to_BCD_route_status.rpt"/>
  <File Type="ROUTE-STATUS-PB" Name="Binary_to_BCD_route_status.pb"/>
  <File Type="ROUTE-TIMINGSUMMARY" Name="Binary_to_BCD_timing_summary_routed.rpt"/>
  <File Type="ROUTE-TIMING-PB" Name="Binary_to_BCD_timing_summary_routed.pb"/>
  <File Type="ROUTE-TIMING-RPX" Name="Binary_to_BCD_timing_summary_routed.rpx"/>
  <File Type="RDI-RDI" Name="Binary_to_BCD.vdi"/>
  <File Type="ROUTE-CLK" Name="Binary_to_BCD_clock_utilization_routed.rpt"/>
  <File Type="ROUTE-BUS-SKEW" Name="Binary_to_BCD_bus_skew_routed.rpt"/>
  <File Type="ROUTE-BUS-SKEW-PB" Name="Binary_to_BCD_bus_skew_routed.pb"/>
  <File Type="ROUTE-BUS-SKEW-RPX" Name="Binary_to_BCD_bus_skew_routed.rpx"/>
  <File Type="POSTROUTE-PHYSOPT-DCP" Name="Binary_to_BCD_postroute_physopt.dcp"/>
  <File Type="POSTROUTE-PHYSOPT-BLACKBOX-DCP" Name="Binary_to_BCD_postroute_physopt_bb.dcp"/>
  <File Type="BG-BIT" Name="Binary_to_BCD.bit"/>
  <File Type="BITSTR-RBT" Name="Binary_to_BCD.rbt"/>
  <File Type="BITSTR-NKY" Name="Binary_to_BCD.nky"/>
  <File Type="BG-DRC" Name="Binary_to_BCD.drc"/>
  <File Type="WBT-USG" Name="usage_statistics_webtalk.html"/>
  <FileSet Name="sources" Type="DesignSrcs" RelSrcDir="$PSRCDIR/sources_1">
    <Filter Type="Srcs"/>
    <File Path="$PSRCDIR/sources_1/imports/2_3_ForLoop/hexToBCD.sv">
      <FileInfo>
        <Attr Name="ImportPath" Val="$PPRDIR/../2_3_ForLoop/hexToBCD.sv"/>
        <Attr Name="ImportTime" Val="1550314079"/>
        <Attr Name="UsedIn" Val="synthesis"/>
        <Attr Name="UsedIn" Val="implementation"/>
        <Attr Name="UsedIn" Val="simulation"/>
      </FileInfo>
    </File>
    <Config>
      <Option Name="DesignMode" Val="RTL"/>
      <Option Name="TopModule" Val="Binary_to_BCD"/>
      <Option Name="TopAutoSet" Val="TRUE"/>
    </Config>
  </FileSet>
  <FileSet Name="constrs_in" Type="Constrs" RelSrcDir="$PSRCDIR/constrs_1">
    <Filter Type="Constrs"/>
    <File Path="$PSRCDIR/constrs_1/imports/2_3_ForLoop/Nexys4DDR_Master.xdc">
      <FileInfo>
        <Attr Name="ImportPath" Val="$PPRDIR/../2_3_ForLoop/Nexys4DDR_Master.xdc"/>
        <Attr Name="ImportTime" Val="1550314079"/>
        <Attr Name="UsedIn" Val="synthesis"/>
        <Attr Name="UsedIn" Val="implementation"/>
      </FileInfo>
    </File>
    <Config>
      <Option Name="ConstrsType" Val="XDC"/>
    </Config>
  </FileSet>
  <FileSet Name="utils" Type="Utils" RelSrcDir="$PSRCDIR/utils_1">
    <Filter Type="Utils"/>
    <Config>
      <Option Name="TopAutoSet" Val="TRUE"/>
    </Config>
  </FileSet>
  <Strategy Version="1" Minor="2">
    <StratHandle Name="Vivado Implementation Defaults" Flow="Vivado Implementation 2018"/>
    <Step Id="init_design"/>
    <Step Id="opt_design"/>
    <Step Id="power_opt_design"/>
    <Step Id="place_design"/>
    <Step Id="post_place_power_opt_design"/>
    <Step Id="phys_opt_design"/>
    <Step Id="route_design"/>
    <Step Id="post_route_phys_opt_design"/>
    <Step Id="write_bitstream"/>
  </Strategy>
</GenRun>
