<?xml version="1.0" encoding="UTF-8"?>
<GenRun Id="synth_1" LaunchPart="xc7a100tcsg324-1" LaunchTime="1550326871">
  <File Type="PA-TCL" Name="Sequential_a.tcl"/>
  <File Type="RDS-PROPCONSTRS" Name="Sequential_a_drc_synth.rpt"/>
  <File Type="REPORTS-TCL" Name="Sequential_a_reports.tcl"/>
  <File Type="RDS-RDS" Name="Sequential_a.vds"/>
  <File Type="RDS-UTIL" Name="Sequential_a_utilization_synth.rpt"/>
  <File Type="RDS-UTIL-PB" Name="Sequential_a_utilization_synth.pb"/>
  <File Type="RDS-DCP" Name="Sequential_a.dcp"/>
  <File Type="VDS-TIMINGSUMMARY" Name="Sequential_a_timing_summary_synth.rpt"/>
  <File Type="VDS-TIMING-PB" Name="Sequential_a_timing_summary_synth.pb"/>
  <FileSet Name="sources" Type="DesignSrcs" RelSrcDir="$PSRCDIR/sources_1">
    <Filter Type="Srcs"/>
    <File Path="$PSRCDIR/sources_1/imports/1_3_Non-blocking/1_3_Non-blocking.sv">
      <FileInfo>
        <Attr Name="ImportPath" Val="$PPRDIR/1_3_Non-blocking.sv"/>
        <Attr Name="ImportTime" Val="1550325087"/>
        <Attr Name="UsedIn" Val="synthesis"/>
        <Attr Name="UsedIn" Val="implementation"/>
        <Attr Name="UsedIn" Val="simulation"/>
      </FileInfo>
    </File>
    <Config>
      <Option Name="DesignMode" Val="RTL"/>
      <Option Name="TopModule" Val="Sequential_a"/>
      <Option Name="TopAutoSet" Val="TRUE"/>
    </Config>
  </FileSet>
  <FileSet Name="constrs_in" Type="Constrs" RelSrcDir="$PSRCDIR/constrs_1">
    <Filter Type="Constrs"/>
    <File Path="$PSRCDIR/constrs_1/imports/1_3_Non-blocking/Nexys4DDR_Master.xdc">
      <FileInfo>
        <Attr Name="ImportPath" Val="$PPRDIR/Nexys4DDR_Master.xdc"/>
        <Attr Name="ImportTime" Val="1550324684"/>
        <Attr Name="UsedIn" Val="synthesis"/>
        <Attr Name="UsedIn" Val="implementation"/>
      </FileInfo>
    </File>
    <Config>
      <Option Name="ConstrsType" Val="XDC"/>
    </Config>
  </FileSet>
  <FileSet Name="utils" Type="Utils" RelSrcDir="$PSRCDIR/utils_1">
    <Filter Type="Utils"/>
    <Config>
      <Option Name="TopAutoSet" Val="TRUE"/>
    </Config>
  </FileSet>
  <Strategy Version="1" Minor="2">
    <StratHandle Name="Vivado Synthesis Defaults" Flow="Vivado Synthesis 2018">
      <Desc>Vivado Synthesis Defaults</Desc>
    </StratHandle>
    <Step Id="synth_design"/>
  </Strategy>
</GenRun>
