<?xml version="1.0" encoding="UTF-8"?>
<GenRun Id="impl_1" LaunchPart="xc7a100tcsg324-1" LaunchTime="1550316061">
  <File Type="BITSTR-BMM" Name="Parallela_bd.bmm"/>
  <File Type="ROUTE-PWR" Name="Parallela_power_routed.rpt"/>
  <File Type="PA-TCL" Name="Parallela.tcl"/>
  <File Type="OPT-DCP" Name="Parallela_opt.dcp"/>
  <File Type="ROUTE-PWR-SUM" Name="Parallela_power_summary_routed.pb"/>
  <File Type="REPORTS-TCL" Name="Parallela_reports.tcl"/>
  <File Type="OPT-DRC" Name="Parallela_drc_opted.rpt"/>
  <File Type="OPT-HWDEF" Name="Parallela.hwdef"/>
  <File Type="PWROPT-DCP" Name="Parallela_pwropt.dcp"/>
  <File Type="PLACE-DCP" Name="Parallela_placed.dcp"/>
  <File Type="PLACE-IO" Name="Parallela_io_placed.rpt"/>
  <File Type="PLACE-UTIL" Name="Parallela_utilization_placed.rpt"/>
  <File Type="PLACE-UTIL-PB" Name="Parallela_utilization_placed.pb"/>
  <File Type="PLACE-CTRL" Name="Parallela_control_sets_placed.rpt"/>
  <File Type="PLACE-PRE-SIMILARITY" Name="Parallela_incremental_reuse_pre_placed.rpt"/>
  <File Type="BG-BGN" Name="Parallela.bgn"/>
  <File Type="POSTPLACE-PWROPT-DCP" Name="Parallela_postplace_pwropt.dcp"/>
  <File Type="BG-BIN" Name="Parallela.bin"/>
  <File Type="PHYSOPT-DCP" Name="Parallela_physopt.dcp"/>
  <File Type="BITSTR-MSK" Name="Parallela.msk"/>
  <File Type="ROUTE-ERROR-DCP" Name="Parallela_routed_error.dcp"/>
  <File Type="ROUTE-DCP" Name="Parallela_routed.dcp"/>
  <File Type="ROUTE-BLACKBOX-DCP" Name="Parallela_routed_bb.dcp"/>
  <File Type="ROUTE-DRC" Name="Parallela_drc_routed.rpt"/>
  <File Type="ROUTE-DRC-PB" Name="Parallela_drc_routed.pb"/>
  <File Type="BITSTR-LTX" Name="Parallela.ltx"/>
  <File Type="ROUTE-DRC-RPX" Name="Parallela_drc_routed.rpx"/>
  <File Type="BITSTR-MMI" Name="Parallela.mmi"/>
  <File Type="ROUTE-METHODOLOGY-DRC" Name="Parallela_methodology_drc_routed.rpt"/>
  <File Type="ROUTE-METHODOLOGY-DRC-RPX" Name="Parallela_methodology_drc_routed.rpx"/>
  <File Type="BITSTR-SYSDEF" Name="Parallela.sysdef"/>
  <File Type="ROUTE-METHODOLOGY-DRC-PB" Name="Parallela_methodology_drc_routed.pb"/>
  <File Type="ROUTE-PWR-RPX" Name="Parallela_power_routed.rpx"/>
  <File Type="ROUTE-STATUS" Name="Parallela_route_status.rpt"/>
  <File Type="ROUTE-STATUS-PB" Name="Parallela_route_status.pb"/>
  <File Type="ROUTE-TIMINGSUMMARY" Name="Parallela_timing_summary_routed.rpt"/>
  <File Type="ROUTE-TIMING-PB" Name="Parallela_timing_summary_routed.pb"/>
  <File Type="ROUTE-TIMING-RPX" Name="Parallela_timing_summary_routed.rpx"/>
  <File Type="RDI-RDI" Name="Parallela.vdi"/>
  <File Type="ROUTE-CLK" Name="Parallela_clock_utilization_routed.rpt"/>
  <File Type="ROUTE-BUS-SKEW" Name="Parallela_bus_skew_routed.rpt"/>
  <File Type="ROUTE-BUS-SKEW-PB" Name="Parallela_bus_skew_routed.pb"/>
  <File Type="ROUTE-BUS-SKEW-RPX" Name="Parallela_bus_skew_routed.rpx"/>
  <File Type="POSTROUTE-PHYSOPT-DCP" Name="Parallela_postroute_physopt.dcp"/>
  <File Type="POSTROUTE-PHYSOPT-BLACKBOX-DCP" Name="Parallela_postroute_physopt_bb.dcp"/>
  <File Type="BG-BIT" Name="Parallela.bit"/>
  <File Type="BITSTR-RBT" Name="Parallela.rbt"/>
  <File Type="BITSTR-NKY" Name="Parallela.nky"/>
  <File Type="BG-DRC" Name="Parallela.drc"/>
  <File Type="WBT-USG" Name="usage_statistics_webtalk.html"/>
  <FileSet Name="sources" Type="DesignSrcs" RelSrcDir="$PSRCDIR/sources_1">
    <Filter Type="Srcs"/>
    <File Path="$PSRCDIR/sources_1/new/1a_Parallel.v">
      <FileInfo>
        <Attr Name="ImportPath" Val="$PPRDIR/../1a_Parallel/1a_Parallel.srcs/sources_1/new/1a_Parallel.v"/>
        <Attr Name="ImportTime" Val="1550315899"/>
        <Attr Name="UsedIn" Val="synthesis"/>
        <Attr Name="UsedIn" Val="implementation"/>
        <Attr Name="UsedIn" Val="simulation"/>
      </FileInfo>
    </File>
    <Config>
      <Option Name="DesignMode" Val="RTL"/>
      <Option Name="TopModule" Val="Parallela"/>
      <Option Name="TopAutoSet" Val="TRUE"/>
    </Config>
  </FileSet>
  <FileSet Name="constrs_in" Type="Constrs" RelSrcDir="$PSRCDIR/constrs_1">
    <Filter Type="Constrs"/>
    <File Path="$PSRCDIR/constrs_1/imports/4_clockTest/Nexys4DDR_Master.xdc">
      <FileInfo>
        <Attr Name="ImportPath" Val="$PPRDIR/../../ENES247/lab3-ReusableBCDhex7segDisplayCode/4_clockTest/Nexys4DDR_Master.xdc"/>
        <Attr Name="ImportTime" Val="1550216488"/>
        <Attr Name="UsedIn" Val="synthesis"/>
        <Attr Name="UsedIn" Val="implementation"/>
      </FileInfo>
    </File>
    <Config>
      <Option Name="ConstrsType" Val="XDC"/>
    </Config>
  </FileSet>
  <FileSet Name="utils" Type="Utils" RelSrcDir="$PSRCDIR/utils_1">
    <Filter Type="Utils"/>
    <Config>
      <Option Name="TopAutoSet" Val="TRUE"/>
    </Config>
  </FileSet>
  <Strategy Version="1" Minor="2">
    <StratHandle Name="Vivado Implementation Defaults" Flow="Vivado Implementation 2018"/>
    <Step Id="init_design"/>
    <Step Id="opt_design"/>
    <Step Id="power_opt_design"/>
    <Step Id="place_design"/>
    <Step Id="post_place_power_opt_design"/>
    <Step Id="phys_opt_design"/>
    <Step Id="route_design"/>
    <Step Id="post_route_phys_opt_design"/>
    <Step Id="write_bitstream"/>
  </Strategy>
</GenRun>
