<?xml version="1.0" encoding="UTF-8"?>
<GenRun Id="synth_1" LaunchPart="xc7a100tcsg324-1" LaunchTime="1551459621">
  <File Type="PA-TCL" Name="d7segDisplay.tcl"/>
  <File Type="RDS-PROPCONSTRS" Name="d7segDisplay_drc_synth.rpt"/>
  <File Type="REPORTS-TCL" Name="d7segDisplay_reports.tcl"/>
  <File Type="RDS-RDS" Name="d7segDisplay.vds"/>
  <File Type="RDS-UTIL" Name="d7segDisplay_utilization_synth.rpt"/>
  <File Type="RDS-UTIL-PB" Name="d7segDisplay_utilization_synth.pb"/>
  <File Type="RDS-DCP" Name="d7segDisplay.dcp"/>
  <File Type="VDS-TIMINGSUMMARY" Name="d7segDisplay_timing_summary_synth.rpt"/>
  <File Type="VDS-TIMING-PB" Name="d7segDisplay_timing_summary_synth.pb"/>
  <FileSet Name="sources" Type="DesignSrcs" RelSrcDir="$PSRCDIR/sources_1">
    <Filter Type="Srcs"/>
    <File Path="$PSRCDIR/sources_1/imports/new/m16x4Mux.v">
      <FileInfo>
        <Attr Name="ImportPath" Val="$PPRDIR/../../m16x4Mux/m16x4Mux/m16x4Mux/m16x4Mux.srcs/sources_1/new/m16x4Mux.v"/>
        <Attr Name="ImportTime" Val="1538754123"/>
        <Attr Name="UsedIn" Val="synthesis"/>
        <Attr Name="UsedIn" Val="implementation"/>
        <Attr Name="UsedIn" Val="simulation"/>
      </FileInfo>
    </File>
    <File Path="$PSRCDIR/sources_1/imports/new/m2x1mux.v">
      <FileInfo>
        <Attr Name="ImportPath" Val="$PPRDIR/../../m2x1Mux/m2x1Mux/m2x1Mux/m2x1Mux.srcs/sources_1/new/m2x1mux.v"/>
        <Attr Name="ImportTime" Val="1538762669"/>
        <Attr Name="UsedIn" Val="synthesis"/>
        <Attr Name="UsedIn" Val="implementation"/>
        <Attr Name="UsedIn" Val="simulation"/>
      </FileInfo>
    </File>
    <File Path="$PSRCDIR/sources_1/imports/new/m4x2Mux.v">
      <FileInfo>
        <Attr Name="ImportPath" Val="$PPRDIR/../../m4x2Mux/m4x2Mux/m4x2Mux/m4x2Mux.srcs/sources_1/new/m4x2Mux.v"/>
        <Attr Name="ImportTime" Val="1538754103"/>
        <Attr Name="UsedIn" Val="synthesis"/>
        <Attr Name="UsedIn" Val="implementation"/>
        <Attr Name="UsedIn" Val="simulation"/>
      </FileInfo>
    </File>
    <File Path="$PSRCDIR/sources_1/imports/new/vcb.v">
      <FileInfo>
        <Attr Name="ImportPath" Val="$PPRDIR/../../VoltageControlledBuffer/VoltageControlledBuffer/vcb/vcb.srcs/sources_1/new/vcb.v"/>
        <Attr Name="ImportTime" Val="1538754036"/>
        <Attr Name="UsedIn" Val="synthesis"/>
        <Attr Name="UsedIn" Val="implementation"/>
        <Attr Name="UsedIn" Val="simulation"/>
      </FileInfo>
    </File>
    <File Path="$PSRCDIR/sources_1/new/d7segDisplay.v">
      <FileInfo>
        <Attr Name="UsedIn" Val="synthesis"/>
        <Attr Name="UsedIn" Val="implementation"/>
        <Attr Name="UsedIn" Val="simulation"/>
      </FileInfo>
    </File>
    <Config>
      <Option Name="DesignMode" Val="RTL"/>
      <Option Name="TopModule" Val="d7segDisplay"/>
      <Option Name="TopAutoSet" Val="TRUE"/>
    </Config>
  </FileSet>
  <FileSet Name="constrs_in" Type="Constrs" RelSrcDir="$PSRCDIR/constrs_1">
    <Filter Type="Constrs"/>
    <File Path="$PSRCDIR/constrs_1/imports/CONSTANTS/Nexys4DDR_Master.xdc">
      <FileInfo>
        <Attr Name="ImportPath" Val="$PPRDIR/../../CONSTANTS/CONSTANTS/Nexys4DDR_Master.xdc"/>
        <Attr Name="ImportTime" Val="1538754053"/>
        <Attr Name="UsedIn" Val="synthesis"/>
        <Attr Name="UsedIn" Val="implementation"/>
      </FileInfo>
    </File>
    <Config>
      <Option Name="ConstrsType" Val="XDC"/>
    </Config>
  </FileSet>
  <FileSet Name="utils" Type="Utils" RelSrcDir="$PSRCDIR/utils_1">
    <Filter Type="Utils"/>
    <Config>
      <Option Name="TopAutoSet" Val="TRUE"/>
    </Config>
  </FileSet>
  <Strategy Version="1" Minor="2">
    <StratHandle Name="Vivado Synthesis Defaults" Flow="Vivado Synthesis 2018"/>
    <Step Id="synth_design"/>
  </Strategy>
</GenRun>
