<?xml version="1.0" encoding="UTF-8"?>
<GenRun Id="impl_1" LaunchPart="xc7a100tcsg324-1" LaunchTime="1540418094">
  <File Type="BITSTR-BMM" Name="simpleRing_bd.bmm"/>
  <File Type="OPT-METHODOLOGY-DRC" Name="simpleRing_methodology_drc_opted.rpt"/>
  <File Type="INIT-TIMING" Name="simpleRing_timing_summary_init.rpt"/>
  <File Type="ROUTE-PWR" Name="simpleRing_power_routed.rpt"/>
  <File Type="PA-TCL" Name="simpleRing.tcl"/>
  <File Type="OPT-TIMING" Name="simpleRing_timing_summary_opted.rpt"/>
  <File Type="OPT-DCP" Name="simpleRing_opt.dcp"/>
  <File Type="ROUTE-PWR-SUM" Name="simpleRing_power_summary_routed.pb"/>
  <File Type="REPORTS-TCL" Name="simpleRing_reports.tcl"/>
  <File Type="OPT-DRC" Name="simpleRing_drc_opted.rpt"/>
  <File Type="OPT-HWDEF" Name="simpleRing.hwdef"/>
  <File Type="PWROPT-DCP" Name="simpleRing_pwropt.dcp"/>
  <File Type="PWROPT-DRC" Name="simpleRing_drc_pwropted.rpt"/>
  <File Type="PWROPT-TIMING" Name="simpleRing_timing_summary_pwropted.rpt"/>
  <File Type="PLACE-DCP" Name="simpleRing_placed.dcp"/>
  <File Type="PLACE-IO" Name="simpleRing_io_placed.rpt"/>
  <File Type="PLACE-CLK" Name="simpleRing_clock_utilization_placed.rpt"/>
  <File Type="PLACE-UTIL" Name="simpleRing_utilization_placed.rpt"/>
  <File Type="PLACE-UTIL-PB" Name="simpleRing_utilization_placed.pb"/>
  <File Type="PLACE-CTRL" Name="simpleRing_control_sets_placed.rpt"/>
  <File Type="PLACE-SIMILARITY" Name="simpleRing_incremental_reuse_placed.rpt"/>
  <File Type="PLACE-PRE-SIMILARITY" Name="simpleRing_incremental_reuse_pre_placed.rpt"/>
  <File Type="BG-BGN" Name="simpleRing.bgn"/>
  <File Type="PLACE-TIMING" Name="simpleRing_timing_summary_placed.rpt"/>
  <File Type="POSTPLACE-PWROPT-DCP" Name="simpleRing_postplace_pwropt.dcp"/>
  <File Type="BG-BIN" Name="simpleRing.bin"/>
  <File Type="POSTPLACE-PWROPT-TIMING" Name="simpleRing_timing_summary_postplace_pwropted.rpt"/>
  <File Type="PHYSOPT-DCP" Name="simpleRing_physopt.dcp"/>
  <File Type="PHYSOPT-DRC" Name="simpleRing_drc_physopted.rpt"/>
  <File Type="BITSTR-MSK" Name="simpleRing.msk"/>
  <File Type="PHYSOPT-TIMING" Name="simpleRing_timing_summary_physopted.rpt"/>
  <File Type="ROUTE-ERROR-DCP" Name="simpleRing_routed_error.dcp"/>
  <File Type="ROUTE-DCP" Name="simpleRing_routed.dcp"/>
  <File Type="ROUTE-BLACKBOX-DCP" Name="simpleRing_routed_bb.dcp"/>
  <File Type="ROUTE-DRC" Name="simpleRing_drc_routed.rpt"/>
  <File Type="ROUTE-DRC-PB" Name="simpleRing_drc_routed.pb"/>
  <File Type="BITSTR-LTX" Name="debug_nets.ltx"/>
  <File Type="BITSTR-LTX" Name="simpleRing.ltx"/>
  <File Type="ROUTE-DRC-RPX" Name="simpleRing_drc_routed.rpx"/>
  <File Type="BITSTR-MMI" Name="simpleRing.mmi"/>
  <File Type="ROUTE-METHODOLOGY-DRC" Name="simpleRing_methodology_drc_routed.rpt"/>
  <File Type="ROUTE-METHODOLOGY-DRC-RPX" Name="simpleRing_methodology_drc_routed.rpx"/>
  <File Type="BITSTR-SYSDEF" Name="simpleRing.sysdef"/>
  <File Type="ROUTE-METHODOLOGY-DRC-PB" Name="simpleRing_methodology_drc_routed.pb"/>
  <File Type="ROUTE-PWR-RPX" Name="simpleRing_power_routed.rpx"/>
  <File Type="ROUTE-STATUS" Name="simpleRing_route_status.rpt"/>
  <File Type="ROUTE-STATUS-PB" Name="simpleRing_route_status.pb"/>
  <File Type="ROUTE-TIMINGSUMMARY" Name="simpleRing_timing_summary_routed.rpt"/>
  <File Type="ROUTE-TIMING-PB" Name="simpleRing_timing_summary_routed.pb"/>
  <File Type="ROUTE-TIMING-RPX" Name="simpleRing_timing_summary_routed.rpx"/>
  <File Type="ROUTE-SIMILARITY" Name="simpleRing_incremental_reuse_routed.rpt"/>
  <File Type="ROUTE-CLK" Name="simpleRing_clock_utilization_routed.rpt"/>
  <File Type="ROUTE-BUS-SKEW" Name="simpleRing_bus_skew_routed.rpt"/>
  <File Type="ROUTE-BUS-SKEW-PB" Name="simpleRing_bus_skew_routed.pb"/>
  <File Type="ROUTE-BUS-SKEW-RPX" Name="simpleRing_bus_skew_routed.rpx"/>
  <File Type="POSTROUTE-PHYSOPT-DCP" Name="simpleRing_postroute_physopt.dcp"/>
  <File Type="POSTROUTE-PHYSOPT-BLACKBOX-DCP" Name="simpleRing_postroute_physopt_bb.dcp"/>
  <File Type="POSTROUTE-PHYSOPT-TIMING" Name="simpleRing_timing_summary_postroute_physopted.rpt"/>
  <File Type="POSTROUTE-PHYSOPT-TIMING-PB" Name="simpleRing_timing_summary_postroute_physopted.pb"/>
  <File Type="POSTROUTE-PHYSOPT-TIMING-RPX" Name="simpleRing_timing_summary_postroute_physopted.rpx"/>
  <File Type="POSTROUTE-PHYSOPT-BUS-SKEW" Name="simpleRing_bus_skew_postroute_physopted.rpt"/>
  <File Type="POSTROUTE-PHYSOPT-BUS-SKEW-PB" Name="simpleRing_bus_skew_postroute_physopted.pb"/>
  <File Type="BG-BIT" Name="simpleRing.bit"/>
  <File Type="POSTROUTE-PHYSOPT-BUS-SKEW-RPX" Name="simpleRing_bus_skew_postroute_physopted.rpx"/>
  <File Type="BITSTR-RBT" Name="simpleRing.rbt"/>
  <File Type="BITSTR-NKY" Name="simpleRing.nky"/>
  <File Type="BG-DRC" Name="simpleRing.drc"/>
  <File Type="RDI-RDI" Name="simpleRing.vdi"/>
  <File Type="WBT-USG" Name="usage_statistics_webtalk.html"/>
  <FileSet Name="sources" Type="DesignSrcs" RelSrcDir="$PSRCDIR/sources_1">
    <Filter Type="Srcs"/>
    <File Path="$PSRCDIR/sources_1/new/simpleRing.v">
      <FileInfo>
        <Attr Name="UsedIn" Val="synthesis"/>
        <Attr Name="UsedIn" Val="implementation"/>
        <Attr Name="UsedIn" Val="simulation"/>
      </FileInfo>
    </File>
    <Config>
      <Option Name="DesignMode" Val="RTL"/>
      <Option Name="TopModule" Val="simpleRing"/>
      <Option Name="TopAutoSet" Val="TRUE"/>
    </Config>
  </FileSet>
  <FileSet Name="constrs_in" Type="Constrs" RelSrcDir="$PSRCDIR/constrs_1">
    <Filter Type="Constrs"/>
    <File Path="$PSRCDIR/constrs_1/imports/simpleRing/Nexys4DDR_Master.xdc">
      <FileInfo>
        <Attr Name="ImportPath" Val="$PPRDIR/Nexys4DDR_Master.xdc"/>
        <Attr Name="ImportTime" Val="1539802001"/>
        <Attr Name="UsedIn" Val="synthesis"/>
        <Attr Name="UsedIn" Val="implementation"/>
      </FileInfo>
    </File>
    <Config>
      <Option Name="ConstrsType" Val="XDC"/>
    </Config>
  </FileSet>
  <Strategy Version="1" Minor="2">
    <StratHandle Name="Vivado Implementation Defaults" Flow="Vivado Implementation 2018"/>
    <Step Id="init_design"/>
    <Step Id="opt_design"/>
    <Step Id="power_opt_design"/>
    <Step Id="place_design"/>
    <Step Id="post_place_power_opt_design"/>
    <Step Id="phys_opt_design"/>
    <Step Id="route_design"/>
    <Step Id="post_route_phys_opt_design"/>
    <Step Id="write_bitstream"/>
  </Strategy>
</GenRun>
