<?xml version="1.0" encoding="UTF-8"?>
<GenRun Id="synth_1" LaunchPart="xc7a100tcsg324-1" LaunchTime="1556901411">
  <File Type="PA-TCL" Name="cliff_classic.tcl"/>
  <File Type="RDS-PROPCONSTRS" Name="cliff_classic_drc_synth.rpt"/>
  <File Type="REPORTS-TCL" Name="cliff_classic_reports.tcl"/>
  <File Type="RDS-RDS" Name="cliff_classic.vds"/>
  <File Type="RDS-UTIL" Name="cliff_classic_utilization_synth.rpt"/>
  <File Type="RDS-UTIL-PB" Name="cliff_classic_utilization_synth.pb"/>
  <File Type="RDS-DCP" Name="cliff_classic.dcp"/>
  <File Type="VDS-TIMINGSUMMARY" Name="cliff_classic_timing_summary_synth.rpt"/>
  <File Type="VDS-TIMING-PB" Name="cliff_classic_timing_summary_synth.pb"/>
  <FileSet Name="sources" Type="DesignSrcs" RelSrcDir="$PSRCDIR/sources_1">
    <Filter Type="Srcs"/>
    <File Path="$PSRCDIR/sources_1/imports/project2/cliff_classic.sv">
      <FileInfo>
        <Attr Name="ImportPath" Val="$PPRDIR/../cliff_classic.sv"/>
        <Attr Name="ImportTime" Val="1553588755"/>
        <Attr Name="UsedIn" Val="synthesis"/>
        <Attr Name="UsedIn" Val="implementation"/>
        <Attr Name="UsedIn" Val="simulation"/>
      </FileInfo>
    </File>
    <Config>
      <Option Name="DesignMode" Val="RTL"/>
      <Option Name="TopModule" Val="cliff_classic"/>
      <Option Name="TopAutoSet" Val="TRUE"/>
    </Config>
  </FileSet>
  <FileSet Name="constrs_in" Type="Constrs" RelSrcDir="$PSRCDIR/constrs_1">
    <Filter Type="Constrs"/>
    <File Path="$PSRCDIR/constrs_1/imports/ENES246/Nexys4DDR_Master.xdc">
      <FileInfo>
        <Attr Name="ImportPath" Val="$PPRDIR/../../../../Nexys4DDR_Master.xdc"/>
        <Attr Name="ImportTime" Val="1553533059"/>
        <Attr Name="UsedIn" Val="synthesis"/>
        <Attr Name="UsedIn" Val="implementation"/>
      </FileInfo>
    </File>
    <Config>
      <Option Name="ConstrsType" Val="XDC"/>
    </Config>
  </FileSet>
  <FileSet Name="utils" Type="Utils" RelSrcDir="$PSRCDIR/utils_1">
    <Filter Type="Utils"/>
    <Config>
      <Option Name="TopAutoSet" Val="TRUE"/>
    </Config>
  </FileSet>
  <Strategy Version="1" Minor="2">
    <StratHandle Name="Vivado Synthesis Defaults" Flow="Vivado Synthesis 2018"/>
    <Step Id="synth_design"/>
  </Strategy>
</GenRun>
