<?xml version="1.0" encoding="UTF-8"?>
<GenRun Id="impl_1" LaunchPart="xc7a100tcsg324-1" LaunchTime="1555092198">
  <File Type="BITSTR-BMM" Name="def_name_bd.bmm"/>
  <File Type="OPT-METHODOLOGY-DRC" Name="def_name_methodology_drc_opted.rpt"/>
  <File Type="INIT-TIMING" Name="def_name_timing_summary_init.rpt"/>
  <File Type="ROUTE-PWR" Name="def_name_power_routed.rpt"/>
  <File Type="PA-TCL" Name="def_name.tcl"/>
  <File Type="OPT-TIMING" Name="def_name_timing_summary_opted.rpt"/>
  <File Type="OPT-DCP" Name="def_name_opt.dcp"/>
  <File Type="ROUTE-PWR-SUM" Name="def_name_power_summary_routed.pb"/>
  <File Type="REPORTS-TCL" Name="def_name_reports.tcl"/>
  <File Type="OPT-DRC" Name="def_name_drc_opted.rpt"/>
  <File Type="OPT-HWDEF" Name="def_name.hwdef"/>
  <File Type="PWROPT-DCP" Name="def_name_pwropt.dcp"/>
  <File Type="PWROPT-DRC" Name="def_name_drc_pwropted.rpt"/>
  <File Type="PWROPT-TIMING" Name="def_name_timing_summary_pwropted.rpt"/>
  <File Type="PLACE-DCP" Name="def_name_placed.dcp"/>
  <File Type="PLACE-IO" Name="def_name_io_placed.rpt"/>
  <File Type="PLACE-CLK" Name="def_name_clock_utilization_placed.rpt"/>
  <File Type="PLACE-UTIL" Name="def_name_utilization_placed.rpt"/>
  <File Type="PLACE-UTIL-PB" Name="def_name_utilization_placed.pb"/>
  <File Type="PLACE-CTRL" Name="def_name_control_sets_placed.rpt"/>
  <File Type="PLACE-SIMILARITY" Name="def_name_incremental_reuse_placed.rpt"/>
  <File Type="PLACE-PRE-SIMILARITY" Name="def_name_incremental_reuse_pre_placed.rpt"/>
  <File Type="BG-BGN" Name="def_name.bgn"/>
  <File Type="PLACE-TIMING" Name="def_name_timing_summary_placed.rpt"/>
  <File Type="POSTPLACE-PWROPT-DCP" Name="def_name_postplace_pwropt.dcp"/>
  <File Type="BG-BIN" Name="def_name.bin"/>
  <File Type="POSTPLACE-PWROPT-TIMING" Name="def_name_timing_summary_postplace_pwropted.rpt"/>
  <File Type="PHYSOPT-DCP" Name="def_name_physopt.dcp"/>
  <File Type="PHYSOPT-DRC" Name="def_name_drc_physopted.rpt"/>
  <File Type="BITSTR-MSK" Name="def_name.msk"/>
  <File Type="PHYSOPT-TIMING" Name="def_name_timing_summary_physopted.rpt"/>
  <File Type="ROUTE-ERROR-DCP" Name="def_name_routed_error.dcp"/>
  <File Type="ROUTE-DCP" Name="def_name_routed.dcp"/>
  <File Type="ROUTE-BLACKBOX-DCP" Name="def_name_routed_bb.dcp"/>
  <File Type="ROUTE-DRC" Name="def_name_drc_routed.rpt"/>
  <File Type="ROUTE-DRC-PB" Name="def_name_drc_routed.pb"/>
  <File Type="BITSTR-LTX" Name="debug_nets.ltx"/>
  <File Type="BITSTR-LTX" Name="def_name.ltx"/>
  <File Type="ROUTE-DRC-RPX" Name="def_name_drc_routed.rpx"/>
  <File Type="BITSTR-MMI" Name="def_name.mmi"/>
  <File Type="ROUTE-METHODOLOGY-DRC" Name="def_name_methodology_drc_routed.rpt"/>
  <File Type="ROUTE-METHODOLOGY-DRC-RPX" Name="def_name_methodology_drc_routed.rpx"/>
  <File Type="BITSTR-SYSDEF" Name="def_name.sysdef"/>
  <File Type="ROUTE-METHODOLOGY-DRC-PB" Name="def_name_methodology_drc_routed.pb"/>
  <File Type="ROUTE-PWR-RPX" Name="def_name_power_routed.rpx"/>
  <File Type="ROUTE-STATUS" Name="def_name_route_status.rpt"/>
  <File Type="ROUTE-STATUS-PB" Name="def_name_route_status.pb"/>
  <File Type="ROUTE-TIMINGSUMMARY" Name="def_name_timing_summary_routed.rpt"/>
  <File Type="ROUTE-TIMING-PB" Name="def_name_timing_summary_routed.pb"/>
  <File Type="ROUTE-TIMING-RPX" Name="def_name_timing_summary_routed.rpx"/>
  <File Type="ROUTE-SIMILARITY" Name="def_name_incremental_reuse_routed.rpt"/>
  <File Type="ROUTE-CLK" Name="def_name_clock_utilization_routed.rpt"/>
  <File Type="ROUTE-BUS-SKEW" Name="def_name_bus_skew_routed.rpt"/>
  <File Type="ROUTE-BUS-SKEW-PB" Name="def_name_bus_skew_routed.pb"/>
  <File Type="ROUTE-BUS-SKEW-RPX" Name="def_name_bus_skew_routed.rpx"/>
  <File Type="POSTROUTE-PHYSOPT-DCP" Name="def_name_postroute_physopt.dcp"/>
  <File Type="POSTROUTE-PHYSOPT-BLACKBOX-DCP" Name="def_name_postroute_physopt_bb.dcp"/>
  <File Type="POSTROUTE-PHYSOPT-TIMING" Name="def_name_timing_summary_postroute_physopted.rpt"/>
  <File Type="POSTROUTE-PHYSOPT-TIMING-PB" Name="def_name_timing_summary_postroute_physopted.pb"/>
  <File Type="POSTROUTE-PHYSOPT-TIMING-RPX" Name="def_name_timing_summary_postroute_physopted.rpx"/>
  <File Type="POSTROUTE-PHYSOPT-BUS-SKEW" Name="def_name_bus_skew_postroute_physopted.rpt"/>
  <File Type="POSTROUTE-PHYSOPT-BUS-SKEW-PB" Name="def_name_bus_skew_postroute_physopted.pb"/>
  <File Type="BG-BIT" Name="def_name.bit"/>
  <File Type="POSTROUTE-PHYSOPT-BUS-SKEW-RPX" Name="def_name_bus_skew_postroute_physopted.rpx"/>
  <File Type="BITSTR-RBT" Name="def_name.rbt"/>
  <File Type="BITSTR-NKY" Name="def_name.nky"/>
  <File Type="BG-DRC" Name="def_name.drc"/>
  <File Type="RDI-RDI" Name="def_name.vdi"/>
  <File Type="WBT-USG" Name="usage_statistics_webtalk.html"/>
  <FileSet Name="sources" Type="DesignSrcs" RelSrcDir="$PSRCDIR/sources_1">
    <Filter Type="Srcs"/>
    <File Path="$PSRCDIR/sources_1/imports/2_deBounceFz/debouncefz.sv">
      <FileInfo>
        <Attr Name="ImportPath" Val="$PPRDIR/../debouncefz.sv"/>
        <Attr Name="ImportTime" Val="1554235774"/>
        <Attr Name="UsedIn" Val="synthesis"/>
        <Attr Name="UsedIn" Val="implementation"/>
        <Attr Name="UsedIn" Val="simulation"/>
      </FileInfo>
    </File>
    <Config>
      <Option Name="DesignMode" Val="RTL"/>
      <Option Name="TopModule" Val="def_name"/>
      <Option Name="TopAutoSet" Val="TRUE"/>
    </Config>
  </FileSet>
  <FileSet Name="constrs_in" Type="Constrs" RelSrcDir="$PSRCDIR/constrs_1">
    <Filter Type="Constrs"/>
    <File Path="$PSRCDIR/constrs_1/imports/2_deBounceFz/Nexys4DDR_Master.xdc">
      <FileInfo>
        <Attr Name="ImportPath" Val="$PPRDIR/../Nexys4DDR_Master.xdc"/>
        <Attr Name="ImportTime" Val="1554215947"/>
        <Attr Name="UsedIn" Val="synthesis"/>
        <Attr Name="UsedIn" Val="implementation"/>
      </FileInfo>
    </File>
    <Config>
      <Option Name="ConstrsType" Val="XDC"/>
    </Config>
  </FileSet>
  <FileSet Name="utils" Type="Utils" RelSrcDir="$PSRCDIR/utils_1">
    <Filter Type="Utils"/>
    <Config>
      <Option Name="TopAutoSet" Val="TRUE"/>
    </Config>
  </FileSet>
  <Strategy Version="1" Minor="2">
    <StratHandle Name="Vivado Implementation Defaults" Flow="Vivado Implementation 2018"/>
    <Step Id="init_design"/>
    <Step Id="opt_design"/>
    <Step Id="power_opt_design"/>
    <Step Id="place_design"/>
    <Step Id="post_place_power_opt_design"/>
    <Step Id="phys_opt_design"/>
    <Step Id="route_design"/>
    <Step Id="post_route_phys_opt_design"/>
    <Step Id="write_bitstream"/>
  </Strategy>
</GenRun>
