<?xml version="1.0" encoding="UTF-8"?>
<GenRun Id="synth_1" LaunchPart="xc7a100tcsg324-1" LaunchTime="1550858210">
  <File Type="PA-TCL" Name="LUT6_MUXCY_test.tcl"/>
  <File Type="RDS-PROPCONSTRS" Name="LUT6_MUXCY_test_drc_synth.rpt"/>
  <File Type="REPORTS-TCL" Name="LUT6_MUXCY_test_reports.tcl"/>
  <File Type="RDS-RDS" Name="LUT6_MUXCY_test.vds"/>
  <File Type="RDS-UTIL" Name="LUT6_MUXCY_test_utilization_synth.rpt"/>
  <File Type="RDS-UTIL-PB" Name="LUT6_MUXCY_test_utilization_synth.pb"/>
  <File Type="RDS-DCP" Name="LUT6_MUXCY_test.dcp"/>
  <File Type="VDS-TIMINGSUMMARY" Name="LUT6_MUXCY_test_timing_summary_synth.rpt"/>
  <File Type="VDS-TIMING-PB" Name="LUT6_MUXCY_test_timing_summary_synth.pb"/>
  <FileSet Name="sources" Type="DesignSrcs" RelSrcDir="$PSRCDIR/sources_1">
    <Filter Type="Srcs"/>
    <File Path="$PSRCDIR/sources_1/imports/4Lut/Lut6_MUXCY.v">
      <FileInfo>
        <Attr Name="ImportPath" Val="$PPRDIR/../../-6TestingTruthTables/4Lut/Lut6_MUXCY.v"/>
        <Attr Name="ImportTime" Val="1549541078"/>
        <Attr Name="UsedIn" Val="synthesis"/>
        <Attr Name="UsedIn" Val="implementation"/>
        <Attr Name="UsedIn" Val="simulation"/>
      </FileInfo>
    </File>
    <Config>
      <Option Name="DesignMode" Val="RTL"/>
      <Option Name="TopModule" Val="LUT6_MUXCY_test"/>
      <Option Name="TopAutoSet" Val="TRUE"/>
    </Config>
  </FileSet>
  <FileSet Name="constrs_in" Type="Constrs" RelSrcDir="$PSRCDIR/constrs_1">
    <Filter Type="Constrs"/>
    <File Path="$PSRCDIR/constrs_1/imports/ENES246/Nexys4DDR_Master.xdc">
      <FileInfo>
        <Attr Name="ImportPath" Val="$PPRDIR/../../-6TestingTruthTables/3dec-mux/dec-mux.srcs/constrs_1/imports/ENES246/Nexys4DDR_Master.xdc"/>
        <Attr Name="ImportTime" Val="1549536331"/>
        <Attr Name="UsedIn" Val="synthesis"/>
        <Attr Name="UsedIn" Val="implementation"/>
      </FileInfo>
    </File>
    <Config>
      <Option Name="ConstrsType" Val="XDC"/>
    </Config>
  </FileSet>
  <FileSet Name="utils" Type="Utils" RelSrcDir="$PSRCDIR/utils_1">
    <Filter Type="Utils"/>
    <Config>
      <Option Name="TopAutoSet" Val="TRUE"/>
    </Config>
  </FileSet>
  <Strategy Version="1" Minor="2">
    <StratHandle Name="Vivado Synthesis Defaults" Flow="Vivado Synthesis 2018"/>
    <Step Id="synth_design"/>
  </Strategy>
</GenRun>
