<?xml version="1.0" encoding="UTF-8"?>
<GenRun Id="impl_1" LaunchPart="xc7a100tcsg324-1" LaunchTime="1551465392">
  <File Type="BITSTR-BMM" Name="d3x7segDisplay_bd.bmm"/>
  <File Type="OPT-METHODOLOGY-DRC" Name="d3x7segDisplay_methodology_drc_opted.rpt"/>
  <File Type="INIT-TIMING" Name="d3x7segDisplay_timing_summary_init.rpt"/>
  <File Type="ROUTE-PWR" Name="d3x7segDisplay_power_routed.rpt"/>
  <File Type="PA-TCL" Name="d3x7segDisplay.tcl"/>
  <File Type="OPT-TIMING" Name="d3x7segDisplay_timing_summary_opted.rpt"/>
  <File Type="OPT-DCP" Name="d3x7segDisplay_opt.dcp"/>
  <File Type="ROUTE-PWR-SUM" Name="d3x7segDisplay_power_summary_routed.pb"/>
  <File Type="REPORTS-TCL" Name="d3x7segDisplay_reports.tcl"/>
  <File Type="OPT-DRC" Name="d3x7segDisplay_drc_opted.rpt"/>
  <File Type="OPT-HWDEF" Name="d3x7segDisplay.hwdef"/>
  <File Type="PWROPT-DCP" Name="d3x7segDisplay_pwropt.dcp"/>
  <File Type="PWROPT-DRC" Name="d3x7segDisplay_drc_pwropted.rpt"/>
  <File Type="PWROPT-TIMING" Name="d3x7segDisplay_timing_summary_pwropted.rpt"/>
  <File Type="PLACE-DCP" Name="d3x7segDisplay_placed.dcp"/>
  <File Type="PLACE-IO" Name="d3x7segDisplay_io_placed.rpt"/>
  <File Type="PLACE-CLK" Name="d3x7segDisplay_clock_utilization_placed.rpt"/>
  <File Type="PLACE-UTIL" Name="d3x7segDisplay_utilization_placed.rpt"/>
  <File Type="PLACE-UTIL-PB" Name="d3x7segDisplay_utilization_placed.pb"/>
  <File Type="PLACE-CTRL" Name="d3x7segDisplay_control_sets_placed.rpt"/>
  <File Type="PLACE-SIMILARITY" Name="d3x7segDisplay_incremental_reuse_placed.rpt"/>
  <File Type="PLACE-PRE-SIMILARITY" Name="d3x7segDisplay_incremental_reuse_pre_placed.rpt"/>
  <File Type="BG-BGN" Name="d3x7segDisplay.bgn"/>
  <File Type="PLACE-TIMING" Name="d3x7segDisplay_timing_summary_placed.rpt"/>
  <File Type="POSTPLACE-PWROPT-DCP" Name="d3x7segDisplay_postplace_pwropt.dcp"/>
  <File Type="BG-BIN" Name="d3x7segDisplay.bin"/>
  <File Type="POSTPLACE-PWROPT-TIMING" Name="d3x7segDisplay_timing_summary_postplace_pwropted.rpt"/>
  <File Type="PHYSOPT-DCP" Name="d3x7segDisplay_physopt.dcp"/>
  <File Type="PHYSOPT-DRC" Name="d3x7segDisplay_drc_physopted.rpt"/>
  <File Type="BITSTR-MSK" Name="d3x7segDisplay.msk"/>
  <File Type="PHYSOPT-TIMING" Name="d3x7segDisplay_timing_summary_physopted.rpt"/>
  <File Type="ROUTE-ERROR-DCP" Name="d3x7segDisplay_routed_error.dcp"/>
  <File Type="ROUTE-DCP" Name="d3x7segDisplay_routed.dcp"/>
  <File Type="ROUTE-BLACKBOX-DCP" Name="d3x7segDisplay_routed_bb.dcp"/>
  <File Type="ROUTE-DRC" Name="d3x7segDisplay_drc_routed.rpt"/>
  <File Type="ROUTE-DRC-PB" Name="d3x7segDisplay_drc_routed.pb"/>
  <File Type="BITSTR-LTX" Name="debug_nets.ltx"/>
  <File Type="BITSTR-LTX" Name="d3x7segDisplay.ltx"/>
  <File Type="ROUTE-DRC-RPX" Name="d3x7segDisplay_drc_routed.rpx"/>
  <File Type="BITSTR-MMI" Name="d3x7segDisplay.mmi"/>
  <File Type="ROUTE-METHODOLOGY-DRC" Name="d3x7segDisplay_methodology_drc_routed.rpt"/>
  <File Type="ROUTE-METHODOLOGY-DRC-RPX" Name="d3x7segDisplay_methodology_drc_routed.rpx"/>
  <File Type="BITSTR-SYSDEF" Name="d3x7segDisplay.sysdef"/>
  <File Type="ROUTE-METHODOLOGY-DRC-PB" Name="d3x7segDisplay_methodology_drc_routed.pb"/>
  <File Type="ROUTE-PWR-RPX" Name="d3x7segDisplay_power_routed.rpx"/>
  <File Type="ROUTE-STATUS" Name="d3x7segDisplay_route_status.rpt"/>
  <File Type="ROUTE-STATUS-PB" Name="d3x7segDisplay_route_status.pb"/>
  <File Type="ROUTE-TIMINGSUMMARY" Name="d3x7segDisplay_timing_summary_routed.rpt"/>
  <File Type="ROUTE-TIMING-PB" Name="d3x7segDisplay_timing_summary_routed.pb"/>
  <File Type="ROUTE-TIMING-RPX" Name="d3x7segDisplay_timing_summary_routed.rpx"/>
  <File Type="ROUTE-SIMILARITY" Name="d3x7segDisplay_incremental_reuse_routed.rpt"/>
  <File Type="ROUTE-CLK" Name="d3x7segDisplay_clock_utilization_routed.rpt"/>
  <File Type="ROUTE-BUS-SKEW" Name="d3x7segDisplay_bus_skew_routed.rpt"/>
  <File Type="ROUTE-BUS-SKEW-PB" Name="d3x7segDisplay_bus_skew_routed.pb"/>
  <File Type="ROUTE-BUS-SKEW-RPX" Name="d3x7segDisplay_bus_skew_routed.rpx"/>
  <File Type="POSTROUTE-PHYSOPT-DCP" Name="d3x7segDisplay_postroute_physopt.dcp"/>
  <File Type="POSTROUTE-PHYSOPT-BLACKBOX-DCP" Name="d3x7segDisplay_postroute_physopt_bb.dcp"/>
  <File Type="POSTROUTE-PHYSOPT-TIMING" Name="d3x7segDisplay_timing_summary_postroute_physopted.rpt"/>
  <File Type="POSTROUTE-PHYSOPT-TIMING-PB" Name="d3x7segDisplay_timing_summary_postroute_physopted.pb"/>
  <File Type="POSTROUTE-PHYSOPT-TIMING-RPX" Name="d3x7segDisplay_timing_summary_postroute_physopted.rpx"/>
  <File Type="POSTROUTE-PHYSOPT-BUS-SKEW" Name="d3x7segDisplay_bus_skew_postroute_physopted.rpt"/>
  <File Type="POSTROUTE-PHYSOPT-BUS-SKEW-PB" Name="d3x7segDisplay_bus_skew_postroute_physopted.pb"/>
  <File Type="BG-BIT" Name="d3x7segDisplay.bit"/>
  <File Type="POSTROUTE-PHYSOPT-BUS-SKEW-RPX" Name="d3x7segDisplay_bus_skew_postroute_physopted.rpx"/>
  <File Type="BITSTR-RBT" Name="d3x7segDisplay.rbt"/>
  <File Type="BITSTR-NKY" Name="d3x7segDisplay.nky"/>
  <File Type="BG-DRC" Name="d3x7segDisplay.drc"/>
  <File Type="RDI-RDI" Name="d3x7segDisplay.vdi"/>
  <File Type="WBT-USG" Name="usage_statistics_webtalk.html"/>
  <FileSet Name="sources" Type="DesignSrcs" RelSrcDir="$PSRCDIR/sources_1">
    <Filter Type="Srcs"/>
    <File Path="$PSRCDIR/sources_1/imports/new/m16x4Mux.v">
      <FileInfo>
        <Attr Name="ImportPath" Val="$PPRDIR/../d7SegDisplay/d7segDisplay.srcs/sources_1/imports/new/m16x4Mux.v"/>
        <Attr Name="ImportTime" Val="1539191989"/>
        <Attr Name="UsedIn" Val="synthesis"/>
        <Attr Name="UsedIn" Val="implementation"/>
        <Attr Name="UsedIn" Val="simulation"/>
      </FileInfo>
    </File>
    <File Path="$PSRCDIR/sources_1/imports/new/m2x1mux.v">
      <FileInfo>
        <Attr Name="ImportPath" Val="$PPRDIR/../d7SegDisplay/d7segDisplay.srcs/sources_1/imports/new/m2x1mux.v"/>
        <Attr Name="ImportTime" Val="1539191989"/>
        <Attr Name="UsedIn" Val="synthesis"/>
        <Attr Name="UsedIn" Val="implementation"/>
        <Attr Name="UsedIn" Val="simulation"/>
      </FileInfo>
    </File>
    <File Path="$PSRCDIR/sources_1/imports/new/m4x2Mux.v">
      <FileInfo>
        <Attr Name="ImportPath" Val="$PPRDIR/../d7SegDisplay/d7segDisplay.srcs/sources_1/imports/new/m4x2Mux.v"/>
        <Attr Name="ImportTime" Val="1539191989"/>
        <Attr Name="UsedIn" Val="synthesis"/>
        <Attr Name="UsedIn" Val="implementation"/>
        <Attr Name="UsedIn" Val="simulation"/>
      </FileInfo>
    </File>
    <File Path="$PSRCDIR/sources_1/imports/new/vcb.v">
      <FileInfo>
        <Attr Name="ImportPath" Val="$PPRDIR/../d7SegDisplay/d7segDisplay.srcs/sources_1/imports/new/vcb.v"/>
        <Attr Name="ImportTime" Val="1539191989"/>
        <Attr Name="UsedIn" Val="synthesis"/>
        <Attr Name="UsedIn" Val="implementation"/>
        <Attr Name="UsedIn" Val="simulation"/>
      </FileInfo>
    </File>
    <File Path="$PSRCDIR/sources_1/new/d4x7segDisplay.v">
      <FileInfo>
        <Attr Name="UsedIn" Val="synthesis"/>
        <Attr Name="UsedIn" Val="implementation"/>
        <Attr Name="UsedIn" Val="simulation"/>
      </FileInfo>
    </File>
    <Config>
      <Option Name="DesignMode" Val="RTL"/>
      <Option Name="TopModule" Val="d3x7segDisplay"/>
      <Option Name="TopAutoSet" Val="TRUE"/>
    </Config>
  </FileSet>
  <FileSet Name="constrs_in" Type="Constrs" RelSrcDir="$PSRCDIR/constrs_1">
    <Filter Type="Constrs"/>
    <File Path="$PSRCDIR/constrs_1/imports/CONSTANTS/Nexys4DDR_Master.xdc">
      <FileInfo>
        <Attr Name="ImportPath" Val="$PPRDIR/../d7SegDisplay/d7segDisplay.srcs/constrs_1/imports/CONSTANTS/Nexys4DDR_Master.xdc"/>
        <Attr Name="ImportTime" Val="1539191989"/>
        <Attr Name="UsedIn" Val="synthesis"/>
        <Attr Name="UsedIn" Val="implementation"/>
      </FileInfo>
    </File>
    <Config>
      <Option Name="ConstrsType" Val="XDC"/>
    </Config>
  </FileSet>
  <FileSet Name="utils" Type="Utils" RelSrcDir="$PSRCDIR/utils_1">
    <Filter Type="Utils"/>
    <Config>
      <Option Name="TopAutoSet" Val="TRUE"/>
    </Config>
  </FileSet>
  <Strategy Version="1" Minor="2">
    <StratHandle Name="Vivado Implementation Defaults" Flow="Vivado Implementation 2018"/>
    <Step Id="init_design"/>
    <Step Id="opt_design"/>
    <Step Id="power_opt_design"/>
    <Step Id="place_design"/>
    <Step Id="post_place_power_opt_design"/>
    <Step Id="phys_opt_design"/>
    <Step Id="route_design"/>
    <Step Id="post_route_phys_opt_design"/>
    <Step Id="write_bitstream"/>
  </Strategy>
</GenRun>
