<?xml version="1.0" encoding="UTF-8"?>
<GenRun Id="impl_1" LaunchPart="xc7a100tcsg324-1" LaunchTime="1551130828">
  <File Type="BITSTR-BMM" Name="decoderToMuxTest_bd.bmm"/>
  <File Type="OPT-METHODOLOGY-DRC" Name="decoderToMuxTest_methodology_drc_opted.rpt"/>
  <File Type="INIT-TIMING" Name="decoderToMuxTest_timing_summary_init.rpt"/>
  <File Type="ROUTE-PWR" Name="decoderToMuxTest_power_routed.rpt"/>
  <File Type="PA-TCL" Name="decoderToMuxTest.tcl"/>
  <File Type="OPT-TIMING" Name="decoderToMuxTest_timing_summary_opted.rpt"/>
  <File Type="OPT-DCP" Name="decoderToMuxTest_opt.dcp"/>
  <File Type="ROUTE-PWR-SUM" Name="decoderToMuxTest_power_summary_routed.pb"/>
  <File Type="REPORTS-TCL" Name="decoderToMuxTest_reports.tcl"/>
  <File Type="OPT-DRC" Name="decoderToMuxTest_drc_opted.rpt"/>
  <File Type="OPT-HWDEF" Name="decoderToMuxTest.hwdef"/>
  <File Type="PWROPT-DCP" Name="decoderToMuxTest_pwropt.dcp"/>
  <File Type="PWROPT-DRC" Name="decoderToMuxTest_drc_pwropted.rpt"/>
  <File Type="PWROPT-TIMING" Name="decoderToMuxTest_timing_summary_pwropted.rpt"/>
  <File Type="PLACE-DCP" Name="decoderToMuxTest_placed.dcp"/>
  <File Type="PLACE-IO" Name="decoderToMuxTest_io_placed.rpt"/>
  <File Type="PLACE-CLK" Name="decoderToMuxTest_clock_utilization_placed.rpt"/>
  <File Type="PLACE-UTIL" Name="decoderToMuxTest_utilization_placed.rpt"/>
  <File Type="PLACE-UTIL-PB" Name="decoderToMuxTest_utilization_placed.pb"/>
  <File Type="PLACE-CTRL" Name="decoderToMuxTest_control_sets_placed.rpt"/>
  <File Type="PLACE-SIMILARITY" Name="decoderToMuxTest_incremental_reuse_placed.rpt"/>
  <File Type="PLACE-PRE-SIMILARITY" Name="decoderToMuxTest_incremental_reuse_pre_placed.rpt"/>
  <File Type="BG-BGN" Name="decoderToMuxTest.bgn"/>
  <File Type="PLACE-TIMING" Name="decoderToMuxTest_timing_summary_placed.rpt"/>
  <File Type="POSTPLACE-PWROPT-DCP" Name="decoderToMuxTest_postplace_pwropt.dcp"/>
  <File Type="BG-BIN" Name="decoderToMuxTest.bin"/>
  <File Type="POSTPLACE-PWROPT-TIMING" Name="decoderToMuxTest_timing_summary_postplace_pwropted.rpt"/>
  <File Type="PHYSOPT-DCP" Name="decoderToMuxTest_physopt.dcp"/>
  <File Type="PHYSOPT-DRC" Name="decoderToMuxTest_drc_physopted.rpt"/>
  <File Type="BITSTR-MSK" Name="decoderToMuxTest.msk"/>
  <File Type="PHYSOPT-TIMING" Name="decoderToMuxTest_timing_summary_physopted.rpt"/>
  <File Type="ROUTE-ERROR-DCP" Name="decoderToMuxTest_routed_error.dcp"/>
  <File Type="ROUTE-DCP" Name="decoderToMuxTest_routed.dcp"/>
  <File Type="ROUTE-BLACKBOX-DCP" Name="decoderToMuxTest_routed_bb.dcp"/>
  <File Type="ROUTE-DRC" Name="decoderToMuxTest_drc_routed.rpt"/>
  <File Type="ROUTE-DRC-PB" Name="decoderToMuxTest_drc_routed.pb"/>
  <File Type="BITSTR-LTX" Name="debug_nets.ltx"/>
  <File Type="BITSTR-LTX" Name="decoderToMuxTest.ltx"/>
  <File Type="ROUTE-DRC-RPX" Name="decoderToMuxTest_drc_routed.rpx"/>
  <File Type="BITSTR-MMI" Name="decoderToMuxTest.mmi"/>
  <File Type="ROUTE-METHODOLOGY-DRC" Name="decoderToMuxTest_methodology_drc_routed.rpt"/>
  <File Type="ROUTE-METHODOLOGY-DRC-RPX" Name="decoderToMuxTest_methodology_drc_routed.rpx"/>
  <File Type="BITSTR-SYSDEF" Name="decoderToMuxTest.sysdef"/>
  <File Type="ROUTE-METHODOLOGY-DRC-PB" Name="decoderToMuxTest_methodology_drc_routed.pb"/>
  <File Type="ROUTE-PWR-RPX" Name="decoderToMuxTest_power_routed.rpx"/>
  <File Type="ROUTE-STATUS" Name="decoderToMuxTest_route_status.rpt"/>
  <File Type="ROUTE-STATUS-PB" Name="decoderToMuxTest_route_status.pb"/>
  <File Type="ROUTE-TIMINGSUMMARY" Name="decoderToMuxTest_timing_summary_routed.rpt"/>
  <File Type="ROUTE-TIMING-PB" Name="decoderToMuxTest_timing_summary_routed.pb"/>
  <File Type="ROUTE-TIMING-RPX" Name="decoderToMuxTest_timing_summary_routed.rpx"/>
  <File Type="ROUTE-SIMILARITY" Name="decoderToMuxTest_incremental_reuse_routed.rpt"/>
  <File Type="ROUTE-CLK" Name="decoderToMuxTest_clock_utilization_routed.rpt"/>
  <File Type="ROUTE-BUS-SKEW" Name="decoderToMuxTest_bus_skew_routed.rpt"/>
  <File Type="ROUTE-BUS-SKEW-PB" Name="decoderToMuxTest_bus_skew_routed.pb"/>
  <File Type="ROUTE-BUS-SKEW-RPX" Name="decoderToMuxTest_bus_skew_routed.rpx"/>
  <File Type="POSTROUTE-PHYSOPT-DCP" Name="decoderToMuxTest_postroute_physopt.dcp"/>
  <File Type="POSTROUTE-PHYSOPT-BLACKBOX-DCP" Name="decoderToMuxTest_postroute_physopt_bb.dcp"/>
  <File Type="POSTROUTE-PHYSOPT-TIMING" Name="decoderToMuxTest_timing_summary_postroute_physopted.rpt"/>
  <File Type="POSTROUTE-PHYSOPT-TIMING-PB" Name="decoderToMuxTest_timing_summary_postroute_physopted.pb"/>
  <File Type="POSTROUTE-PHYSOPT-TIMING-RPX" Name="decoderToMuxTest_timing_summary_postroute_physopted.rpx"/>
  <File Type="POSTROUTE-PHYSOPT-BUS-SKEW" Name="decoderToMuxTest_bus_skew_postroute_physopted.rpt"/>
  <File Type="POSTROUTE-PHYSOPT-BUS-SKEW-PB" Name="decoderToMuxTest_bus_skew_postroute_physopted.pb"/>
  <File Type="BG-BIT" Name="decoderToMuxTest.bit"/>
  <File Type="POSTROUTE-PHYSOPT-BUS-SKEW-RPX" Name="decoderToMuxTest_bus_skew_postroute_physopted.rpx"/>
  <File Type="BITSTR-RBT" Name="decoderToMuxTest.rbt"/>
  <File Type="BITSTR-NKY" Name="decoderToMuxTest.nky"/>
  <File Type="BG-DRC" Name="decoderToMuxTest.drc"/>
  <File Type="RDI-RDI" Name="decoderToMuxTest.vdi"/>
  <File Type="WBT-USG" Name="usage_statistics_webtalk.html"/>
  <FileSet Name="sources" Type="DesignSrcs" RelSrcDir="$PSRCDIR/sources_1">
    <Filter Type="Srcs"/>
    <File Path="$PSRCDIR/sources_1/new/decoderToMuxTest.v">
      <FileInfo>
        <Attr Name="UsedIn" Val="synthesis"/>
        <Attr Name="UsedIn" Val="implementation"/>
        <Attr Name="UsedIn" Val="simulation"/>
      </FileInfo>
    </File>
    <Config>
      <Option Name="DesignMode" Val="RTL"/>
      <Option Name="TopModule" Val="decoderToMuxTest"/>
      <Option Name="TopAutoSet" Val="TRUE"/>
    </Config>
  </FileSet>
  <FileSet Name="constrs_in" Type="Constrs" RelSrcDir="$PSRCDIR/constrs_1">
    <Filter Type="Constrs"/>
    <File Path="$PSRCDIR/constrs_1/imports/ENES246/Nexys4DDR_Master.xdc">
      <FileInfo>
        <Attr Name="ImportPath" Val="$PPRDIR/../../Nexys4DDR_Master.xdc"/>
        <Attr Name="ImportTime" Val="1548258710"/>
        <Attr Name="UsedIn" Val="synthesis"/>
        <Attr Name="UsedIn" Val="implementation"/>
      </FileInfo>
    </File>
    <Config>
      <Option Name="ConstrsType" Val="XDC"/>
    </Config>
  </FileSet>
  <FileSet Name="utils" Type="Utils" RelSrcDir="$PSRCDIR/utils_1">
    <Filter Type="Utils"/>
    <Config>
      <Option Name="TopAutoSet" Val="TRUE"/>
    </Config>
  </FileSet>
  <Strategy Version="1" Minor="2">
    <StratHandle Name="Vivado Implementation Defaults" Flow="Vivado Implementation 2018"/>
    <Step Id="init_design"/>
    <Step Id="opt_design"/>
    <Step Id="power_opt_design"/>
    <Step Id="place_design"/>
    <Step Id="post_place_power_opt_design"/>
    <Step Id="phys_opt_design"/>
    <Step Id="route_design"/>
    <Step Id="post_route_phys_opt_design"/>
    <Step Id="write_bitstream"/>
  </Strategy>
</GenRun>
