<?xml version="1.0" encoding="UTF-8"?>
<GenRun Id="impl_1" LaunchPart="xc7a100tcsg324-1" LaunchTime="1548276681">
  <File Type="BITSTR-BMM" Name="m4x2Mux_bd.bmm"/>
  <File Type="OPT-METHODOLOGY-DRC" Name="m4x2Mux_methodology_drc_opted.rpt"/>
  <File Type="INIT-TIMING" Name="m4x2Mux_timing_summary_init.rpt"/>
  <File Type="ROUTE-PWR" Name="m4x2Mux_power_routed.rpt"/>
  <File Type="PA-TCL" Name="m4x2Mux.tcl"/>
  <File Type="OPT-TIMING" Name="m4x2Mux_timing_summary_opted.rpt"/>
  <File Type="OPT-DCP" Name="m4x2Mux_opt.dcp"/>
  <File Type="ROUTE-PWR-SUM" Name="m4x2Mux_power_summary_routed.pb"/>
  <File Type="REPORTS-TCL" Name="m4x2Mux_reports.tcl"/>
  <File Type="OPT-DRC" Name="m4x2Mux_drc_opted.rpt"/>
  <File Type="OPT-HWDEF" Name="m4x2Mux.hwdef"/>
  <File Type="PWROPT-DCP" Name="m4x2Mux_pwropt.dcp"/>
  <File Type="PWROPT-DRC" Name="m4x2Mux_drc_pwropted.rpt"/>
  <File Type="PWROPT-TIMING" Name="m4x2Mux_timing_summary_pwropted.rpt"/>
  <File Type="PLACE-DCP" Name="m4x2Mux_placed.dcp"/>
  <File Type="PLACE-IO" Name="m4x2Mux_io_placed.rpt"/>
  <File Type="PLACE-CLK" Name="m4x2Mux_clock_utilization_placed.rpt"/>
  <File Type="PLACE-UTIL" Name="m4x2Mux_utilization_placed.rpt"/>
  <File Type="PLACE-UTIL-PB" Name="m4x2Mux_utilization_placed.pb"/>
  <File Type="PLACE-CTRL" Name="m4x2Mux_control_sets_placed.rpt"/>
  <File Type="PLACE-SIMILARITY" Name="m4x2Mux_incremental_reuse_placed.rpt"/>
  <File Type="PLACE-PRE-SIMILARITY" Name="m4x2Mux_incremental_reuse_pre_placed.rpt"/>
  <File Type="BG-BGN" Name="m4x2Mux.bgn"/>
  <File Type="PLACE-TIMING" Name="m4x2Mux_timing_summary_placed.rpt"/>
  <File Type="POSTPLACE-PWROPT-DCP" Name="m4x2Mux_postplace_pwropt.dcp"/>
  <File Type="BG-BIN" Name="m4x2Mux.bin"/>
  <File Type="POSTPLACE-PWROPT-TIMING" Name="m4x2Mux_timing_summary_postplace_pwropted.rpt"/>
  <File Type="PHYSOPT-DCP" Name="m4x2Mux_physopt.dcp"/>
  <File Type="PHYSOPT-DRC" Name="m4x2Mux_drc_physopted.rpt"/>
  <File Type="BITSTR-MSK" Name="m4x2Mux.msk"/>
  <File Type="PHYSOPT-TIMING" Name="m4x2Mux_timing_summary_physopted.rpt"/>
  <File Type="ROUTE-ERROR-DCP" Name="m4x2Mux_routed_error.dcp"/>
  <File Type="ROUTE-DCP" Name="m4x2Mux_routed.dcp"/>
  <File Type="ROUTE-BLACKBOX-DCP" Name="m4x2Mux_routed_bb.dcp"/>
  <File Type="ROUTE-DRC" Name="m4x2Mux_drc_routed.rpt"/>
  <File Type="ROUTE-DRC-PB" Name="m4x2Mux_drc_routed.pb"/>
  <File Type="BITSTR-LTX" Name="debug_nets.ltx"/>
  <File Type="BITSTR-LTX" Name="m4x2Mux.ltx"/>
  <File Type="ROUTE-DRC-RPX" Name="m4x2Mux_drc_routed.rpx"/>
  <File Type="BITSTR-MMI" Name="m4x2Mux.mmi"/>
  <File Type="ROUTE-METHODOLOGY-DRC" Name="m4x2Mux_methodology_drc_routed.rpt"/>
  <File Type="ROUTE-METHODOLOGY-DRC-RPX" Name="m4x2Mux_methodology_drc_routed.rpx"/>
  <File Type="BITSTR-SYSDEF" Name="m4x2Mux.sysdef"/>
  <File Type="ROUTE-METHODOLOGY-DRC-PB" Name="m4x2Mux_methodology_drc_routed.pb"/>
  <File Type="ROUTE-PWR-RPX" Name="m4x2Mux_power_routed.rpx"/>
  <File Type="ROUTE-STATUS" Name="m4x2Mux_route_status.rpt"/>
  <File Type="ROUTE-STATUS-PB" Name="m4x2Mux_route_status.pb"/>
  <File Type="ROUTE-TIMINGSUMMARY" Name="m4x2Mux_timing_summary_routed.rpt"/>
  <File Type="ROUTE-TIMING-PB" Name="m4x2Mux_timing_summary_routed.pb"/>
  <File Type="ROUTE-TIMING-RPX" Name="m4x2Mux_timing_summary_routed.rpx"/>
  <File Type="ROUTE-SIMILARITY" Name="m4x2Mux_incremental_reuse_routed.rpt"/>
  <File Type="ROUTE-CLK" Name="m4x2Mux_clock_utilization_routed.rpt"/>
  <File Type="ROUTE-BUS-SKEW" Name="m4x2Mux_bus_skew_routed.rpt"/>
  <File Type="ROUTE-BUS-SKEW-PB" Name="m4x2Mux_bus_skew_routed.pb"/>
  <File Type="ROUTE-BUS-SKEW-RPX" Name="m4x2Mux_bus_skew_routed.rpx"/>
  <File Type="POSTROUTE-PHYSOPT-DCP" Name="m4x2Mux_postroute_physopt.dcp"/>
  <File Type="POSTROUTE-PHYSOPT-BLACKBOX-DCP" Name="m4x2Mux_postroute_physopt_bb.dcp"/>
  <File Type="POSTROUTE-PHYSOPT-TIMING" Name="m4x2Mux_timing_summary_postroute_physopted.rpt"/>
  <File Type="POSTROUTE-PHYSOPT-TIMING-PB" Name="m4x2Mux_timing_summary_postroute_physopted.pb"/>
  <File Type="POSTROUTE-PHYSOPT-TIMING-RPX" Name="m4x2Mux_timing_summary_postroute_physopted.rpx"/>
  <File Type="POSTROUTE-PHYSOPT-BUS-SKEW" Name="m4x2Mux_bus_skew_postroute_physopted.rpt"/>
  <File Type="POSTROUTE-PHYSOPT-BUS-SKEW-PB" Name="m4x2Mux_bus_skew_postroute_physopted.pb"/>
  <File Type="BG-BIT" Name="m4x2Mux.bit"/>
  <File Type="POSTROUTE-PHYSOPT-BUS-SKEW-RPX" Name="m4x2Mux_bus_skew_postroute_physopted.rpx"/>
  <File Type="BITSTR-RBT" Name="m4x2Mux.rbt"/>
  <File Type="BITSTR-NKY" Name="m4x2Mux.nky"/>
  <File Type="BG-DRC" Name="m4x2Mux.drc"/>
  <File Type="RDI-RDI" Name="m4x2Mux.vdi"/>
  <File Type="WBT-USG" Name="usage_statistics_webtalk.html"/>
  <FileSet Name="sources" Type="DesignSrcs" RelSrcDir="$PSRCDIR/sources_1">
    <Filter Type="Srcs"/>
    <File Path="$PSRCDIR/sources_1/imports/new/m2x1mux.v">
      <FileInfo>
        <Attr Name="ImportPath" Val="$PPRDIR/../../m2x1Mux/m2x1Mux/m2x1Mux.srcs/sources_1/new/m2x1mux.v"/>
        <Attr Name="ImportTime" Val="1538589818"/>
        <Attr Name="UsedIn" Val="synthesis"/>
        <Attr Name="UsedIn" Val="implementation"/>
        <Attr Name="UsedIn" Val="simulation"/>
      </FileInfo>
    </File>
    <File Path="$PSRCDIR/sources_1/new/m4x2Mux.v">
      <FileInfo>
        <Attr Name="UsedIn" Val="synthesis"/>
        <Attr Name="UsedIn" Val="implementation"/>
        <Attr Name="UsedIn" Val="simulation"/>
      </FileInfo>
    </File>
    <Config>
      <Option Name="DesignMode" Val="RTL"/>
      <Option Name="TopModule" Val="m4x2Mux"/>
    </Config>
  </FileSet>
  <FileSet Name="constrs_in" Type="Constrs" RelSrcDir="$PSRCDIR/constrs_1">
    <Filter Type="Constrs"/>
    <File Path="$PSRCDIR/constrs_1/imports/m4x2Mux/Nexys4DDR_Master.xdc">
      <FileInfo>
        <Attr Name="ImportPath" Val="$PPRDIR/../Nexys4DDR_Master.xdc"/>
        <Attr Name="ImportTime" Val="1538588244"/>
        <Attr Name="UsedIn" Val="synthesis"/>
        <Attr Name="UsedIn" Val="implementation"/>
      </FileInfo>
    </File>
    <Config>
      <Option Name="ConstrsType" Val="XDC"/>
    </Config>
  </FileSet>
  <FileSet Name="utils" Type="Utils" RelSrcDir="$PSRCDIR/utils_1">
    <Filter Type="Utils"/>
    <Config>
      <Option Name="TopAutoSet" Val="TRUE"/>
    </Config>
  </FileSet>
  <Strategy Version="1" Minor="2">
    <StratHandle Name="Vivado Implementation Defaults" Flow="Vivado Implementation 2018"/>
    <Step Id="init_design"/>
    <Step Id="opt_design"/>
    <Step Id="power_opt_design"/>
    <Step Id="place_design"/>
    <Step Id="post_place_power_opt_design"/>
    <Step Id="phys_opt_design"/>
    <Step Id="route_design"/>
    <Step Id="post_route_phys_opt_design"/>
    <Step Id="write_bitstream"/>
  </Strategy>
</GenRun>
