<?xml version="1.0" encoding="UTF-8"?>
<GenRun Id="synth_1" LaunchPart="xc7a100tcsg324-1" LaunchTime="1551669313">
  <File Type="PA-TCL" Name="CombCheck.tcl"/>
  <File Type="RDS-PROPCONSTRS" Name="CombCheck_drc_synth.rpt"/>
  <File Type="REPORTS-TCL" Name="CombCheck_reports.tcl"/>
  <File Type="RDS-RDS" Name="CombCheck.vds"/>
  <File Type="RDS-UTIL" Name="CombCheck_utilization_synth.rpt"/>
  <File Type="RDS-UTIL-PB" Name="CombCheck_utilization_synth.pb"/>
  <File Type="RDS-DCP" Name="CombCheck.dcp"/>
  <File Type="VDS-TIMINGSUMMARY" Name="CombCheck_timing_summary_synth.rpt"/>
  <File Type="VDS-TIMING-PB" Name="CombCheck_timing_summary_synth.pb"/>
  <FileSet Name="sources" Type="DesignSrcs" RelSrcDir="$PSRCDIR/sources_1">
    <Filter Type="Srcs"/>
    <File Path="$PSRCDIR/sources_1/imports/5_ComboLock/CombCheck.v">
      <FileInfo>
        <Attr Name="ImportPath" Val="$PPRDIR/CombCheck.v"/>
        <Attr Name="ImportTime" Val="1551666257"/>
        <Attr Name="UsedIn" Val="synthesis"/>
        <Attr Name="UsedIn" Val="implementation"/>
        <Attr Name="UsedIn" Val="simulation"/>
      </FileInfo>
    </File>
    <Config>
      <Option Name="DesignMode" Val="RTL"/>
      <Option Name="TopModule" Val="CombCheck"/>
      <Option Name="TopAutoSet" Val="TRUE"/>
    </Config>
  </FileSet>
  <FileSet Name="constrs_in" Type="Constrs" RelSrcDir="$PSRCDIR/constrs_1">
    <Filter Type="Constrs"/>
    <File Path="$PSRCDIR/constrs_1/imports/ENES246/Nexys4DDR_Master.xdc">
      <FileInfo>
        <Attr Name="ImportPath" Val="$PPRDIR/../../Nexys4DDR_Master.xdc"/>
        <Attr Name="ImportTime" Val="1551433971"/>
        <Attr Name="UsedIn" Val="synthesis"/>
        <Attr Name="UsedIn" Val="implementation"/>
      </FileInfo>
    </File>
    <Config>
      <Option Name="ConstrsType" Val="XDC"/>
    </Config>
  </FileSet>
  <FileSet Name="utils" Type="Utils" RelSrcDir="$PSRCDIR/utils_1">
    <Filter Type="Utils"/>
    <Config>
      <Option Name="TopAutoSet" Val="TRUE"/>
    </Config>
  </FileSet>
  <Strategy Version="1" Minor="2">
    <StratHandle Name="Vivado Synthesis Defaults" Flow="Vivado Synthesis 2018"/>
    <Step Id="synth_design"/>
  </Strategy>
</GenRun>
