<?xml version="1.0" encoding="UTF-8"?>
<GenRun Id="synth_1" LaunchPart="xc7a100tcsg324-1" LaunchTime="1557509997">
  <File Type="PA-TCL" Name="TopRGB.tcl"/>
  <File Type="RDS-PROPCONSTRS" Name="TopRGB_drc_synth.rpt"/>
  <File Type="REPORTS-TCL" Name="TopRGB_reports.tcl"/>
  <File Type="RDS-RDS" Name="TopRGB.vds"/>
  <File Type="RDS-UTIL" Name="TopRGB_utilization_synth.rpt"/>
  <File Type="RDS-UTIL-PB" Name="TopRGB_utilization_synth.pb"/>
  <File Type="RDS-DCP" Name="TopRGB.dcp"/>
  <File Type="VDS-TIMINGSUMMARY" Name="TopRGB_timing_summary_synth.rpt"/>
  <File Type="VDS-TIMING-PB" Name="TopRGB_timing_summary_synth.pb"/>
  <FileSet Name="sources" Type="DesignSrcs" RelSrcDir="$PSRCDIR/sources_1">
    <Filter Type="Srcs"/>
    <File Path="$PSRCDIR/sources_1/new/PwmBlue.vhd">
      <FileInfo>
        <Attr Name="ImportPath" Val="$PPRDIR/../../ENES246-master/ENES246-master/11IP/1_Nexys4DDRdemo/proj/project_1/project_1.srcs/sources_1/new/PwmBlue.vhd"/>
        <Attr Name="ImportTime" Val="1557506471"/>
        <Attr Name="UsedIn" Val="synthesis"/>
        <Attr Name="UsedIn" Val="simulation"/>
      </FileInfo>
    </File>
    <File Path="$PSRCDIR/sources_1/new/TopRGB.v">
      <FileInfo>
        <Attr Name="ImportPath" Val="$PPRDIR/../../ENES246-master/ENES246-master/11IP/1_Nexys4DDRdemo/proj/project_1/project_1.srcs/sources_1/new/TopRGB.v"/>
        <Attr Name="ImportTime" Val="1557507468"/>
        <Attr Name="UsedIn" Val="synthesis"/>
        <Attr Name="UsedIn" Val="implementation"/>
        <Attr Name="UsedIn" Val="simulation"/>
      </FileInfo>
    </File>
    <File Path="$PSRCDIR/sources_1/new/Btn1.vhd">
      <FileInfo>
        <Attr Name="AutoDisabled" Val="1"/>
        <Attr Name="ImportPath" Val="$PPRDIR/../../ENES246-master/ENES246-master/11IP/1_Nexys4DDRdemo/proj/project_1/project_1.srcs/sources_1/new/Btn1.vhd"/>
        <Attr Name="ImportTime" Val="1557506764"/>
        <Attr Name="UsedIn" Val="synthesis"/>
        <Attr Name="UsedIn" Val="simulation"/>
      </FileInfo>
    </File>
    <Config>
      <Option Name="DesignMode" Val="RTL"/>
      <Option Name="TopModule" Val="TopRGB"/>
    </Config>
  </FileSet>
  <FileSet Name="constrs_in" Type="Constrs" RelSrcDir="$PSRCDIR/constrs_1">
    <Filter Type="Constrs"/>
    <File Path="$PPRDIR/../../Nexys4DDR_Master.xdc">
      <FileInfo>
        <Attr Name="UsedIn" Val="synthesis"/>
        <Attr Name="UsedIn" Val="implementation"/>
      </FileInfo>
    </File>
    <Config>
      <Option Name="ConstrsType" Val="XDC"/>
    </Config>
  </FileSet>
  <FileSet Name="utils" Type="Utils" RelSrcDir="$PSRCDIR/utils_1">
    <Filter Type="Utils"/>
    <Config>
      <Option Name="TopAutoSet" Val="TRUE"/>
    </Config>
  </FileSet>
  <Strategy Version="1" Minor="2">
    <StratHandle Name="Vivado Synthesis Defaults" Flow="Vivado Synthesis 2018">
      <Desc>Vivado Synthesis Defaults</Desc>
    </StratHandle>
    <Step Id="synth_design"/>
  </Strategy>
</GenRun>
